Year,Round,Region,Game,AFSeed,AFTeam,AFScore,AUSeed,AUTeam,AUScore,Fti,Uti
2008,0,PI,-1,16.0,Mount St. Mary's,69.0,16.0,Coppin St.,60.0,2.0,65.0
2008,1,NW,1,1.0,North Carolina,113.0,16.0,Mount St. Mary's,74.0,1.0,2.0
2008,1,NW,2,8.0,Indiana,72.0,9.0,Arkansas,86.0,3.0,4.0
2008,1,NW,3,5.0,Notre Dame,68.0,12.0,George Mason,50.0,5.0,6.0
2008,1,NW,4,4.0,Washington St.,71.0,13.0,Winthrop,40.0,7.0,8.0
2008,1,NW,5,6.0,Oklahoma,72.0,11.0,Saint Joseph's,64.0,9.0,10.0
2008,1,NW,6,3.0,Louisville,79.0,14.0,Boise St.,61.0,11.0,12.0
2008,1,NW,7,7.0,Butler,81.0,10.0,South Alabama,61.0,13.0,14.0
2008,1,NW,8,2.0,Tennessee,72.0,15.0,American,57.0,15.0,16.0
2008,1,SW,9,1.0,Kansas,85.0,16.0,Portland St.,61.0,17.0,18.0
2008,1,SW,10,8.0,UNLV,71.0,9.0,Kent St.,58.0,19.0,20.0
2008,1,SW,11,5.0,Clemson,69.0,12.0,Villanova,75.0,21.0,22.0
2008,1,SW,12,4.0,Vanderbilt,62.0,13.0,Siena,83.0,23.0,24.0
2008,1,SW,13,6.0,USC,67.0,11.0,Kansas St.,80.0,25.0,26.0
2008,1,SW,14,3.0,Wisconsin,71.0,14.0,Cal St. Fullerton,56.0,27.0,28.0
2008,1,SW,15,7.0,Gonzaga,76.0,10.0,Davidson,82.0,29.0,30.0
2008,1,SW,16,2.0,Georgetown,66.0,15.0,UMBC,47.0,31.0,32.0
2008,1,NE,17,1.0,Memphis,87.0,16.0,UT Arlington,63.0,33.0,34.0
2008,1,NE,18,8.0,Mississippi St.,76.0,9.0,Oregon,69.0,35.0,36.0
2008,1,NE,19,5.0,Michigan St.,72.0,12.0,Temple,61.0,37.0,38.0
2008,1,NE,20,4.0,Pittsburgh,82.0,13.0,Oral Roberts,63.0,39.0,40.0
2008,1,NE,21,6.0,Marquette,74.0,11.0,Kentucky,66.0,41.0,42.0
2008,1,NE,22,3.0,Stanford,77.0,14.0,Cornell,53.0,43.0,44.0
2008,1,NE,23,7.0,Miami FL,78.0,10.0,Saint Mary's,64.0,45.0,46.0
2008,1,NE,24,2.0,Texas,74.0,15.0,Austin Peay,54.0,47.0,48.0
2008,1,SE,25,1.0,UCLA,70.0,16.0,Mississippi Valley St.,29.0,49.0,50.0
2008,1,SE,26,8.0,BYU,62.0,9.0,Texas A&M,67.0,51.0,52.0
2008,1,SE,27,5.0,Drake,99.0,12.0,Western Kentucky,101.0,53.0,54.0
2008,1,SE,28,4.0,Connecticut,69.0,13.0,San Diego,70.0,55.0,56.0
2008,1,SE,29,6.0,Purdue,90.0,11.0,Baylor,79.0,57.0,58.0
2008,1,SE,30,3.0,Xavier,73.0,14.0,Georgia,61.0,59.0,60.0
2008,1,SE,31,7.0,West Virginia,75.0,10.0,Arizona,65.0,61.0,62.0
2008,1,SE,32,2.0,Duke,71.0,15.0,Belmont,70.0,63.0,64.0
2008,2,NW,33,1.0,North Carolina,108.0,9.0,Arkansas,77.0,1.0,4.0
2008,2,NW,34,4.0,Washington St.,61.0,5.0,Notre Dame,41.0,7.0,5.0
2008,2,NW,35,3.0,Louisville,78.0,6.0,Oklahoma,48.0,11.0,9.0
2008,2,NW,36,2.0,Tennessee,76.0,7.0,Butler,71.0,15.0,13.0
2008,2,SW,37,1.0,Kansas,75.0,8.0,UNLV,56.0,17.0,19.0
2008,2,SW,38,12.0,Villanova,84.0,13.0,Siena,72.0,22.0,24.0
2008,2,SW,39,3.0,Wisconsin,72.0,11.0,Kansas St.,55.0,27.0,26.0
2008,2,SW,40,2.0,Georgetown,70.0,10.0,Davidson,74.0,31.0,30.0
2008,2,NE,41,1.0,Memphis,77.0,8.0,Mississippi St.,74.0,33.0,35.0
2008,2,NE,42,4.0,Pittsburgh,54.0,5.0,Michigan St.,65.0,39.0,37.0
2008,2,NE,43,3.0,Stanford,82.0,6.0,Marquette,81.0,43.0,41.0
2008,2,NE,44,2.0,Texas,75.0,7.0,Miami FL,72.0,47.0,45.0
2008,2,SE,45,1.0,UCLA,53.0,9.0,Texas A&M,49.0,49.0,52.0
2008,2,SE,46,12.0,Western Kentucky,72.0,13.0,San Diego,63.0,54.0,56.0
2008,2,SE,47,3.0,Xavier,85.0,6.0,Purdue,78.0,59.0,57.0
2008,2,SE,48,2.0,Duke,67.0,7.0,West Virginia,73.0,63.0,61.0
2008,3,NW,49,1.0,North Carolina,68.0,4.0,Washington St.,47.0,1.0,7.0
2008,3,NW,50,2.0,Tennessee,60.0,3.0,Louisville,79.0,15.0,11.0
2008,3,SW,51,1.0,Kansas,72.0,12.0,Villanova,57.0,17.0,22.0
2008,3,SW,52,3.0,Wisconsin,56.0,10.0,Davidson,73.0,27.0,30.0
2008,3,NE,53,1.0,Memphis,92.0,5.0,Michigan St.,74.0,33.0,37.0
2008,3,NE,54,2.0,Texas,82.0,3.0,Stanford,62.0,47.0,43.0
2008,3,SE,55,1.0,UCLA,88.0,12.0,Western Kentucky,78.0,49.0,54.0
2008,3,SE,56,3.0,Xavier,79.0,7.0,West Virginia,75.0,59.0,61.0
2008,4,NW,57,1.0,North Carolina,83.0,3.0,Louisville,73.0,1.0,11.0
2008,4,SW,58,1.0,Kansas,59.0,10.0,Davidson,57.0,17.0,30.0
2008,4,NE,59,1.0,Memphis,85.0,2.0,Texas,67.0,33.0,47.0
2008,4,SE,60,1.0,UCLA,76.0,3.0,Xavier,57.0,49.0,59.0
2008,5,F4,61,1.0,Kansas,84.0,1.0,North Carolina,66.0,17.0,1.0
2008,5,F4,62,1.0,Memphis,78.0,1.0,UCLA,63.0,33.0,49.0
2008,6,Champ,63,1.0,Kansas,75.0,1.0,Memphis,68.0,17.0,33.0
2009,0,PI,-1,16.0,Morehead St.,58.0,16.0,Alabama St.,43.0,2.0,65.0
2009,1,NW,1,1.0,Louisville,74.0,16.0,Morehead St.,54.0,1.0,2.0
2009,1,NW,2,8.0,Ohio St.,72.0,9.0,Siena,74.0,3.0,4.0
2009,1,NW,3,5.0,Utah,71.0,12.0,Arizona,84.0,5.0,6.0
2009,1,NW,4,4.0,Wake Forest,69.0,13.0,Cleveland St.,84.0,7.0,8.0
2009,1,NW,5,6.0,West Virginia,60.0,11.0,Dayton,68.0,9.0,10.0
2009,1,NW,6,3.0,Kansas,84.0,14.0,North Dakota St.,74.0,11.0,12.0
2009,1,NW,7,7.0,Boston College,55.0,10.0,USC,72.0,13.0,14.0
2009,1,NW,8,2.0,Michigan St.,77.0,15.0,Robert Morris,62.0,15.0,16.0
2009,1,SW,9,1.0,Connecticut,103.0,16.0,Chattanooga,47.0,17.0,18.0
2009,1,SW,10,8.0,BYU,66.0,9.0,Texas A&M,79.0,19.0,20.0
2009,1,SW,11,5.0,Purdue,61.0,12.0,Northern Iowa,56.0,21.0,22.0
2009,1,SW,12,4.0,Washington,71.0,13.0,Mississippi St.,58.0,23.0,24.0
2009,1,SW,13,6.0,Marquette,58.0,11.0,Utah St.,57.0,25.0,26.0
2009,1,SW,14,3.0,Missouri,78.0,14.0,Cornell,59.0,27.0,28.0
2009,1,SW,15,7.0,California,71.0,10.0,Maryland,84.0,29.0,30.0
2009,1,SW,16,2.0,Memphis,81.0,15.0,CSUN,70.0,31.0,32.0
2009,1,NE,17,1.0,Pittsburgh,72.0,16.0,East Tennessee St.,62.0,33.0,34.0
2009,1,NE,18,8.0,Oklahoma St.,77.0,9.0,Tennessee,75.0,35.0,36.0
2009,1,NE,19,5.0,Florida St.,59.0,12.0,Wisconsin,61.0,37.0,38.0
2009,1,NE,20,4.0,Xavier,77.0,13.0,Portland St.,59.0,39.0,40.0
2009,1,NE,21,6.0,UCLA,65.0,11.0,VCU,64.0,41.0,42.0
2009,1,NE,22,3.0,Villanova,80.0,14.0,American,67.0,43.0,44.0
2009,1,NE,23,7.0,Texas,76.0,10.0,Minnesota,62.0,45.0,46.0
2009,1,NE,24,2.0,Duke,86.0,15.0,Binghamton,62.0,47.0,48.0
2009,1,SE,25,1.0,North Carolina,101.0,16.0,Radford,58.0,49.0,50.0
2009,1,SE,26,8.0,LSU,75.0,9.0,Butler,71.0,51.0,52.0
2009,1,SE,27,5.0,Illinois,72.0,12.0,Western Kentucky,76.0,53.0,54.0
2009,1,SE,28,4.0,Gonzaga,77.0,13.0,Akron,64.0,55.0,56.0
2009,1,SE,29,6.0,Arizona St.,66.0,11.0,Temple,57.0,57.0,58.0
2009,1,SE,30,3.0,Syracuse,59.0,14.0,Stephen F. Austin,44.0,59.0,60.0
2009,1,SE,31,7.0,Clemson,59.0,10.0,Michigan,62.0,61.0,62.0
2009,1,SE,32,2.0,Oklahoma,82.0,15.0,Morgan St.,54.0,63.0,64.0
2009,2,NW,33,1.0,Louisville,79.0,9.0,Siena,72.0,1.0,4.0
2009,2,NW,34,12.0,Arizona,71.0,13.0,Cleveland St.,57.0,6.0,8.0
2009,2,NW,35,3.0,Kansas,60.0,11.0,Dayton,43.0,11.0,10.0
2009,2,NW,36,2.0,Michigan St.,74.0,10.0,USC,69.0,15.0,14.0
2009,2,SW,37,1.0,Connecticut,92.0,9.0,Texas A&M,66.0,17.0,20.0
2009,2,SW,38,4.0,Washington,74.0,5.0,Purdue,76.0,23.0,21.0
2009,2,SW,39,3.0,Missouri,83.0,6.0,Marquette,79.0,27.0,25.0
2009,2,SW,40,2.0,Memphis,89.0,10.0,Maryland,70.0,31.0,30.0
2009,2,NE,41,1.0,Pittsburgh,84.0,8.0,Oklahoma St.,76.0,33.0,35.0
2009,2,NE,42,4.0,Xavier,60.0,12.0,Wisconsin,49.0,39.0,38.0
2009,2,NE,43,3.0,Villanova,89.0,6.0,UCLA,69.0,43.0,41.0
2009,2,NE,44,2.0,Duke,74.0,7.0,Texas,69.0,47.0,45.0
2009,2,SE,45,1.0,North Carolina,84.0,8.0,LSU,70.0,49.0,51.0
2009,2,SE,46,4.0,Gonzaga,83.0,12.0,Western Kentucky,81.0,55.0,54.0
2009,2,SE,47,3.0,Syracuse,78.0,6.0,Arizona St.,67.0,59.0,57.0
2009,2,SE,48,2.0,Oklahoma,73.0,10.0,Michigan,63.0,63.0,62.0
2009,3,NW,49,1.0,Louisville,103.0,12.0,Arizona,64.0,1.0,6.0
2009,3,NW,50,2.0,Michigan St.,67.0,3.0,Kansas,62.0,15.0,11.0
2009,3,SW,51,1.0,Connecticut,72.0,5.0,Purdue,60.0,17.0,21.0
2009,3,SW,52,2.0,Memphis,91.0,3.0,Missouri,102.0,31.0,27.0
2009,3,NE,53,1.0,Pittsburgh,60.0,4.0,Xavier,55.0,33.0,39.0
2009,3,NE,54,2.0,Duke,54.0,3.0,Villanova,77.0,47.0,43.0
2009,3,SE,55,1.0,North Carolina,98.0,4.0,Gonzaga,77.0,49.0,55.0
2009,3,SE,56,2.0,Oklahoma,84.0,3.0,Syracuse,71.0,63.0,59.0
2009,4,NW,57,1.0,Louisville,52.0,2.0,Michigan St.,64.0,1.0,15.0
2009,4,SW,58,1.0,Connecticut,82.0,3.0,Missouri,75.0,17.0,27.0
2009,4,NE,59,1.0,Pittsburgh,76.0,3.0,Villanova,78.0,33.0,43.0
2009,4,SE,60,1.0,North Carolina,72.0,2.0,Oklahoma,60.0,49.0,63.0
2009,5,F4,61,1.0,Connecticut,73.0,2.0,Michigan St.,82.0,17.0,15.0
2009,5,F4,62,1.0,North Carolina,83.0,3.0,Villanova,69.0,49.0,43.0
2009,6,Champ,63,1.0,North Carolina,89.0,2.0,Michigan St.,72.0,49.0,15.0
2010,0,PI,-1,16.0,Arkansas Pine Bluff,61.0,16.0,Winthrop,44.0,50.0,65.0
2010,1,NW,1,1.0,Kansas,90.0,16.0,Lehigh,74.0,1.0,2.0
2010,1,NW,2,8.0,UNLV,66.0,9.0,Northern Iowa,69.0,3.0,4.0
2010,1,NW,3,5.0,Michigan St.,70.0,12.0,New Mexico St.,67.0,5.0,6.0
2010,1,NW,4,4.0,Maryland,89.0,13.0,Houston,77.0,7.0,8.0
2010,1,NW,5,6.0,Tennessee,62.0,11.0,San Diego St.,59.0,9.0,10.0
2010,1,NW,6,3.0,Georgetown,83.0,14.0,Ohio,97.0,11.0,12.0
2010,1,NW,7,7.0,Oklahoma St.,59.0,10.0,Georgia Tech,64.0,13.0,14.0
2010,1,NW,8,2.0,Ohio St.,68.0,15.0,UC Santa Barbara,51.0,15.0,16.0
2010,1,SW,9,1.0,Syracuse,79.0,16.0,Vermont,56.0,17.0,18.0
2010,1,SW,10,8.0,Gonzaga,67.0,9.0,Florida St.,60.0,19.0,20.0
2010,1,SW,11,5.0,Butler,77.0,12.0,UTEP,59.0,21.0,22.0
2010,1,SW,12,4.0,Vanderbilt,65.0,13.0,Murray St.,66.0,23.0,24.0
2010,1,SW,13,6.0,Xavier,65.0,11.0,Minnesota,54.0,25.0,26.0
2010,1,SW,14,3.0,Pittsburgh,89.0,14.0,Oakland,66.0,27.0,28.0
2010,1,SW,15,7.0,BYU,99.0,10.0,Florida,92.0,29.0,30.0
2010,1,SW,16,2.0,Kansas St.,82.0,15.0,North Texas,62.0,31.0,32.0
2010,1,NE,17,1.0,Kentucky,100.0,16.0,East Tennessee St.,71.0,33.0,34.0
2010,1,NE,18,8.0,Texas,80.0,9.0,Wake Forest,81.0,35.0,36.0
2010,1,NE,19,5.0,Temple,65.0,12.0,Cornell,78.0,37.0,38.0
2010,1,NE,20,4.0,Wisconsin,53.0,13.0,Wofford,49.0,39.0,40.0
2010,1,NE,21,6.0,Marquette,78.0,11.0,Washington,80.0,41.0,42.0
2010,1,NE,22,3.0,New Mexico,62.0,14.0,Montana,57.0,43.0,44.0
2010,1,NE,23,7.0,Clemson,78.0,10.0,Missouri,86.0,45.0,46.0
2010,1,NE,24,2.0,West Virginia,77.0,15.0,Morgan St.,50.0,47.0,48.0
2010,1,SE,25,1.0,Duke,73.0,16.0,Arkansas Pine Bluff,44.0,49.0,50.0
2010,1,SE,26,8.0,California,77.0,9.0,Louisville,62.0,51.0,52.0
2010,1,SE,27,5.0,Texas A&M,69.0,12.0,Utah St.,53.0,53.0,54.0
2010,1,SE,28,4.0,Purdue,72.0,13.0,Siena,64.0,55.0,56.0
2010,1,SE,29,6.0,Notre Dame,50.0,11.0,Old Dominion,51.0,57.0,58.0
2010,1,SE,30,3.0,Baylor,68.0,14.0,Sam Houston St.,59.0,59.0,60.0
2010,1,SE,31,7.0,Richmond,71.0,10.0,Saint Mary's,80.0,61.0,62.0
2010,1,SE,32,2.0,Villanova,73.0,15.0,Robert Morris,70.0,63.0,64.0
2010,2,NW,33,1.0,Kansas,67.0,9.0,Northern Iowa,69.0,1.0,4.0
2010,2,NW,34,4.0,Maryland,83.0,5.0,Michigan St.,85.0,7.0,5.0
2010,2,NW,35,6.0,Tennessee,83.0,14.0,Ohio,68.0,9.0,12.0
2010,2,NW,36,2.0,Ohio St.,75.0,10.0,Georgia Tech,66.0,15.0,14.0
2010,2,SW,37,1.0,Syracuse,87.0,8.0,Gonzaga,65.0,17.0,19.0
2010,2,SW,38,5.0,Butler,54.0,13.0,Murray St.,52.0,21.0,24.0
2010,2,SW,39,3.0,Pittsburgh,68.0,6.0,Xavier,71.0,27.0,25.0
2010,2,SW,40,2.0,Kansas St.,84.0,7.0,BYU,72.0,31.0,29.0
2010,2,NE,41,1.0,Kentucky,90.0,9.0,Wake Forest,60.0,33.0,36.0
2010,2,NE,42,4.0,Wisconsin,69.0,12.0,Cornell,87.0,39.0,38.0
2010,2,NE,43,3.0,New Mexico,64.0,11.0,Washington,82.0,43.0,42.0
2010,2,NE,44,2.0,West Virginia,68.0,10.0,Missouri,59.0,47.0,46.0
2010,2,SE,45,1.0,Duke,68.0,8.0,California,53.0,49.0,51.0
2010,2,SE,46,4.0,Purdue,63.0,5.0,Texas A&M,61.0,55.0,53.0
2010,2,SE,47,3.0,Baylor,76.0,11.0,Old Dominion,68.0,59.0,58.0
2010,2,SE,48,2.0,Villanova,68.0,10.0,Saint Mary's,75.0,63.0,62.0
2010,3,NW,49,5.0,Michigan St.,59.0,9.0,Northern Iowa,52.0,5.0,4.0
2010,3,NW,50,2.0,Ohio St.,73.0,6.0,Tennessee,76.0,15.0,9.0
2010,3,SW,51,1.0,Syracuse,59.0,5.0,Butler,63.0,17.0,21.0
2010,3,SW,52,2.0,Kansas St.,101.0,6.0,Xavier,96.0,31.0,25.0
2010,3,NE,53,1.0,Kentucky,62.0,12.0,Cornell,45.0,33.0,38.0
2010,3,NE,54,2.0,West Virginia,69.0,11.0,Washington,56.0,47.0,42.0
2010,3,SE,55,1.0,Duke,70.0,4.0,Purdue,57.0,49.0,55.0
2010,3,SE,56,3.0,Baylor,72.0,10.0,Saint Mary's,49.0,59.0,62.0
2010,4,NW,57,5.0,Michigan St.,70.0,6.0,Tennessee,69.0,5.0,9.0
2010,4,SW,58,2.0,Kansas St.,56.0,5.0,Butler,63.0,31.0,21.0
2010,4,NE,59,1.0,Kentucky,66.0,2.0,West Virginia,73.0,33.0,47.0
2010,4,SE,60,1.0,Duke,78.0,3.0,Baylor,71.0,49.0,59.0
2010,5,F4,61,5.0,Butler,52.0,5.0,Michigan St.,50.0,21.0,5.0
2010,5,F4,62,1.0,Duke,78.0,2.0,West Virginia,57.0,49.0,47.0
2010,6,Champ,63,1.0,Duke,61.0,5.0,Butler,59.0,49.0,21.0
2011,0,PI,-4,16.0,UTSA,70.0,16.0,Alabama St.,61.0,2.0,65.0
2011,0,PI,-3,12.0,Clemson,70.0,12.0,UAB,52.0,6.0,65.0
2011,0,PI,-2,11.0,VCU,59.0,11.0,USC,46.0,42.0,65.0
2011,0,PI,-1,16.0,UNC Asheville,81.0,16.0,Little Rock,77.0,50.0,65.0
2011,1,NW,1,1.0,Ohio St.,75.0,16.0,UTSA,46.0,1.0,2.0
2011,1,NW,2,8.0,George Mason,61.0,9.0,Villanova,57.0,3.0,4.0
2011,1,NW,3,5.0,West Virginia,84.0,12.0,Clemson,76.0,5.0,6.0
2011,1,NW,4,4.0,Kentucky,59.0,13.0,Princeton,57.0,7.0,8.0
2011,1,NW,5,6.0,Xavier,55.0,11.0,Marquette,66.0,9.0,10.0
2011,1,NW,6,3.0,Syracuse,77.0,14.0,Indiana St.,60.0,11.0,12.0
2011,1,NW,7,7.0,Washington,68.0,10.0,Georgia,65.0,13.0,14.0
2011,1,NW,8,2.0,North Carolina,102.0,15.0,LIU,87.0,15.0,16.0
2011,1,SW,9,1.0,Duke,87.0,16.0,Hampton,45.0,17.0,18.0
2011,1,SW,10,8.0,Michigan,75.0,9.0,Tennessee,45.0,19.0,20.0
2011,1,SW,11,5.0,Arizona,77.0,12.0,Memphis,75.0,21.0,22.0
2011,1,SW,12,4.0,Texas,85.0,13.0,Oakland,81.0,23.0,24.0
2011,1,SW,13,6.0,Cincinnati,78.0,11.0,Missouri,63.0,25.0,26.0
2011,1,SW,14,3.0,Connecticut,81.0,14.0,Bucknell,52.0,27.0,28.0
2011,1,SW,15,7.0,Temple,66.0,10.0,Penn St.,64.0,29.0,30.0
2011,1,SW,16,2.0,San Diego St.,68.0,15.0,Northern Colorado,50.0,31.0,32.0
2011,1,NE,17,1.0,Kansas,72.0,16.0,Boston University,53.0,33.0,34.0
2011,1,NE,18,8.0,UNLV,62.0,9.0,Illinois,73.0,35.0,36.0
2011,1,NE,19,5.0,Vanderbilt,66.0,12.0,Richmond,69.0,37.0,38.0
2011,1,NE,20,4.0,Louisville,61.0,13.0,Morehead St.,62.0,39.0,40.0
2011,1,NE,21,6.0,Georgetown,56.0,11.0,VCU,74.0,41.0,42.0
2011,1,NE,22,3.0,Purdue,65.0,14.0,Saint Peter's,43.0,43.0,44.0
2011,1,NE,23,7.0,Texas A&M,50.0,10.0,Florida St.,57.0,45.0,46.0
2011,1,NE,24,2.0,Notre Dame,69.0,15.0,Akron,56.0,47.0,48.0
2011,1,SE,25,1.0,Pittsburgh,74.0,16.0,UNC Asheville,51.0,49.0,50.0
2011,1,SE,26,8.0,Butler,60.0,9.0,Old Dominion,58.0,51.0,52.0
2011,1,SE,27,5.0,Kansas St.,73.0,12.0,Utah St.,68.0,53.0,54.0
2011,1,SE,28,4.0,Wisconsin,72.0,13.0,Belmont,58.0,55.0,56.0
2011,1,SE,29,6.0,St. John's,71.0,11.0,Gonzaga,86.0,57.0,58.0
2011,1,SE,30,3.0,BYU,74.0,14.0,Wofford,66.0,59.0,60.0
2011,1,SE,31,7.0,UCLA,78.0,10.0,Michigan St.,76.0,61.0,62.0
2011,1,SE,32,2.0,Florida,79.0,15.0,UC Santa Barbara,51.0,63.0,64.0
2011,2,NW,33,1.0,Ohio St.,98.0,8.0,George Mason,66.0,1.0,3.0
2011,2,NW,34,4.0,Kentucky,71.0,5.0,West Virginia,63.0,7.0,5.0
2011,2,NW,35,3.0,Syracuse,62.0,11.0,Marquette,66.0,11.0,10.0
2011,2,NW,36,2.0,North Carolina,86.0,7.0,Washington,83.0,15.0,13.0
2011,2,SW,37,1.0,Duke,73.0,8.0,Michigan,71.0,17.0,19.0
2011,2,SW,38,4.0,Texas,69.0,5.0,Arizona,70.0,23.0,21.0
2011,2,SW,39,3.0,Connecticut,69.0,6.0,Cincinnati,58.0,27.0,25.0
2011,2,SW,40,2.0,San Diego St.,71.0,7.0,Temple,64.0,31.0,29.0
2011,2,NE,41,1.0,Kansas,73.0,9.0,Illinois,59.0,33.0,36.0
2011,2,NE,42,12.0,Richmond,65.0,13.0,Morehead St.,48.0,38.0,40.0
2011,2,NE,43,3.0,Purdue,76.0,11.0,VCU,94.0,43.0,42.0
2011,2,NE,44,2.0,Notre Dame,57.0,10.0,Florida St.,71.0,47.0,46.0
2011,2,SE,45,1.0,Pittsburgh,70.0,8.0,Butler,71.0,49.0,51.0
2011,2,SE,46,4.0,Wisconsin,70.0,5.0,Kansas St.,65.0,55.0,53.0
2011,2,SE,47,3.0,BYU,89.0,11.0,Gonzaga,67.0,59.0,58.0
2011,2,SE,48,2.0,Florida,73.0,7.0,UCLA,65.0,63.0,61.0
2011,3,NW,49,1.0,Ohio St.,60.0,4.0,Kentucky,62.0,1.0,7.0
2011,3,NW,50,2.0,North Carolina,81.0,11.0,Marquette,63.0,15.0,10.0
2011,3,SW,51,1.0,Duke,77.0,5.0,Arizona,93.0,17.0,21.0
2011,3,SW,52,2.0,San Diego St.,67.0,3.0,Connecticut,74.0,31.0,27.0
2011,3,NE,53,1.0,Kansas,77.0,12.0,Richmond,57.0,33.0,38.0
2011,3,NE,54,10.0,Florida St.,71.0,11.0,VCU,72.0,46.0,42.0
2011,3,SE,55,4.0,Wisconsin,54.0,8.0,Butler,61.0,55.0,51.0
2011,3,SE,56,2.0,Florida,83.0,3.0,BYU,74.0,63.0,59.0
2011,4,NW,57,2.0,North Carolina,69.0,4.0,Kentucky,76.0,15.0,7.0
2011,4,SW,58,3.0,Connecticut,65.0,5.0,Arizona,63.0,27.0,21.0
2011,4,NE,59,1.0,Kansas,61.0,11.0,VCU,71.0,33.0,42.0
2011,4,SE,60,2.0,Florida,71.0,8.0,Butler,74.0,63.0,51.0
2011,5,F4,61,3.0,Connecticut,56.0,4.0,Kentucky,55.0,27.0,7.0
2011,5,F4,62,8.0,Butler,70.0,11.0,VCU,62.0,51.0,42.0
2011,6,Champ,63,3.0,Connecticut,53.0,8.0,Butler,41.0,27.0,51.0
2012,0,PI,-4,16.0,Western Kentucky,59.0,16.0,Mississippi Valley St.,58.0,2.0,65.0
2012,0,PI,-3,14.0,BYU,78.0,14.0,Iona,72.0,28.0,65.0
2012,0,PI,-2,16.0,Vermont,71.0,16.0,Lamar,59.0,50.0,65.0
2012,0,PI,-1,12.0,South Florida,65.0,12.0,California,54.0,54.0,65.0
2012,1,NW,1,1.0,Kentucky,81.0,16.0,Western Kentucky,66.0,1.0,2.0
2012,1,NW,2,8.0,Iowa St.,77.0,9.0,Connecticut,64.0,3.0,4.0
2012,1,NW,3,5.0,Wichita St.,59.0,12.0,VCU,62.0,5.0,6.0
2012,1,NW,4,4.0,Indiana,79.0,13.0,New Mexico St.,66.0,7.0,8.0
2012,1,NW,5,6.0,UNLV,64.0,11.0,Colorado,68.0,9.0,10.0
2012,1,NW,6,3.0,Baylor,68.0,14.0,South Dakota St.,60.0,11.0,12.0
2012,1,NW,7,7.0,Notre Dame,63.0,10.0,Xavier,67.0,13.0,14.0
2012,1,NW,8,2.0,Duke,70.0,15.0,Lehigh,75.0,15.0,16.0
2012,1,SW,9,1.0,Michigan St.,89.0,16.0,LIU,67.0,17.0,18.0
2012,1,SW,10,8.0,Memphis,54.0,9.0,Saint Louis,61.0,19.0,20.0
2012,1,SW,11,5.0,New Mexico,75.0,12.0,Long Beach St.,68.0,21.0,22.0
2012,1,SW,12,4.0,Louisville,69.0,13.0,Davidson,62.0,23.0,24.0
2012,1,SW,13,6.0,Murray St.,58.0,11.0,Colorado St.,41.0,25.0,26.0
2012,1,SW,14,3.0,Marquette,88.0,14.0,BYU,68.0,27.0,28.0
2012,1,SW,15,7.0,Florida,71.0,10.0,Virginia,45.0,29.0,30.0
2012,1,SW,16,2.0,Missouri,84.0,15.0,Norfolk St.,86.0,31.0,32.0
2012,1,NE,17,1.0,Syracuse,72.0,16.0,UNC Asheville,65.0,33.0,34.0
2012,1,NE,18,8.0,Kansas St.,70.0,9.0,Southern Miss,64.0,35.0,36.0
2012,1,NE,19,5.0,Vanderbilt,79.0,12.0,Harvard,70.0,37.0,38.0
2012,1,NE,20,4.0,Wisconsin,73.0,13.0,Montana,49.0,39.0,40.0
2012,1,NE,21,6.0,Cincinnati,65.0,11.0,Texas,59.0,41.0,42.0
2012,1,NE,22,3.0,Florida St.,66.0,14.0,St. Bonaventure,63.0,43.0,44.0
2012,1,NE,23,7.0,Gonzaga,77.0,10.0,West Virginia,54.0,45.0,46.0
2012,1,NE,24,2.0,Ohio St.,78.0,15.0,Loyola MD,59.0,47.0,48.0
2012,1,SE,25,1.0,North Carolina,77.0,16.0,Vermont,58.0,49.0,50.0
2012,1,SE,26,8.0,Creighton,58.0,9.0,Alabama,57.0,51.0,52.0
2012,1,SE,27,5.0,Temple,44.0,12.0,South Florida,58.0,53.0,54.0
2012,1,SE,28,4.0,Michigan,60.0,13.0,Ohio,65.0,55.0,56.0
2012,1,SE,29,6.0,San Diego St.,65.0,11.0,North Carolina St.,79.0,57.0,58.0
2012,1,SE,30,3.0,Georgetown,74.0,14.0,Belmont,59.0,59.0,60.0
2012,1,SE,31,7.0,Saint Mary's,69.0,10.0,Purdue,72.0,61.0,62.0
2012,1,SE,32,2.0,Kansas,65.0,15.0,Detroit Mercy,50.0,63.0,64.0
2012,2,NW,33,1.0,Kentucky,87.0,8.0,Iowa St.,71.0,1.0,3.0
2012,2,NW,34,4.0,Indiana,63.0,12.0,VCU,61.0,7.0,6.0
2012,2,NW,35,3.0,Baylor,80.0,11.0,Colorado,63.0,11.0,10.0
2012,2,NW,36,10.0,Xavier,70.0,15.0,Lehigh,58.0,14.0,16.0
2012,2,SW,37,1.0,Michigan St.,65.0,9.0,Saint Louis,61.0,17.0,20.0
2012,2,SW,38,4.0,Louisville,59.0,5.0,New Mexico,56.0,23.0,21.0
2012,2,SW,39,3.0,Marquette,62.0,6.0,Murray St.,53.0,27.0,25.0
2012,2,SW,40,7.0,Florida,84.0,15.0,Norfolk St.,50.0,29.0,32.0
2012,2,NE,41,1.0,Syracuse,75.0,8.0,Kansas St.,59.0,33.0,35.0
2012,2,NE,42,4.0,Wisconsin,60.0,5.0,Vanderbilt,57.0,39.0,37.0
2012,2,NE,43,3.0,Florida St.,56.0,6.0,Cincinnati,62.0,43.0,41.0
2012,2,NE,44,2.0,Ohio St.,73.0,7.0,Gonzaga,66.0,47.0,45.0
2012,2,SE,45,1.0,North Carolina,87.0,8.0,Creighton,73.0,49.0,51.0
2012,2,SE,46,12.0,South Florida,56.0,13.0,Ohio,62.0,54.0,56.0
2012,2,SE,47,3.0,Georgetown,63.0,11.0,North Carolina St.,66.0,59.0,58.0
2012,2,SE,48,2.0,Kansas,63.0,10.0,Purdue,60.0,63.0,62.0
2012,3,NW,49,1.0,Kentucky,102.0,4.0,Indiana,90.0,1.0,7.0
2012,3,NW,50,3.0,Baylor,75.0,10.0,Xavier,70.0,11.0,14.0
2012,3,SW,51,1.0,Michigan St.,44.0,4.0,Louisville,57.0,17.0,23.0
2012,3,SW,52,3.0,Marquette,58.0,7.0,Florida,68.0,27.0,29.0
2012,3,NE,53,1.0,Syracuse,64.0,4.0,Wisconsin,63.0,33.0,39.0
2012,3,NE,54,2.0,Ohio St.,81.0,6.0,Cincinnati,66.0,47.0,41.0
2012,3,SE,55,1.0,North Carolina,73.0,13.0,Ohio,65.0,49.0,56.0
2012,3,SE,56,2.0,Kansas,60.0,11.0,North Carolina St.,57.0,63.0,58.0
2012,4,NW,57,1.0,Kentucky,82.0,3.0,Baylor,70.0,1.0,11.0
2012,4,SW,58,4.0,Louisville,72.0,7.0,Florida,68.0,23.0,29.0
2012,4,NE,59,1.0,Syracuse,70.0,2.0,Ohio St.,77.0,33.0,47.0
2012,4,SE,60,1.0,North Carolina,67.0,2.0,Kansas,80.0,49.0,63.0
2012,5,F4,61,1.0,Kentucky,69.0,4.0,Louisville,61.0,1.0,23.0
2012,5,F4,62,2.0,Kansas,64.0,2.0,Ohio St.,62.0,63.0,47.0
2012,6,Champ,63,1.0,Kentucky,67.0,2.0,Kansas,59.0,1.0,63.0
2013,0,PI,-4,16.0,North Carolina A&T,73.0,16.0,Liberty,72.0,2.0,65.0
2013,0,PI,-3,11.0,Saint Mary's,67.0,11.0,Middle Tennessee,54.0,10.0,65.0
2013,0,PI,-2,16.0,James Madison,68.0,16.0,LIU,55.0,50.0,65.0
2013,0,PI,-1,13.0,La Salle,80.0,13.0,Boise St.,71.0,24.0,65.0
2013,1,NW,1,1.0,Louisville,79.0,16.0,North Carolina A&T,48.0,1.0,2.0
2013,1,NW,2,8.0,Colorado St.,84.0,9.0,Missouri,72.0,3.0,4.0
2013,1,NW,3,5.0,Oklahoma St.,55.0,12.0,Oregon,68.0,5.0,6.0
2013,1,NW,4,4.0,Saint Louis,64.0,13.0,New Mexico St.,44.0,7.0,8.0
2013,1,NW,5,6.0,Memphis,54.0,11.0,Saint Mary's,52.0,9.0,10.0
2013,1,NW,6,3.0,Michigan St.,65.0,14.0,Valparaiso,54.0,11.0,12.0
2013,1,NW,7,7.0,Creighton,67.0,10.0,Cincinnati,63.0,13.0,14.0
2013,1,NW,8,2.0,Duke,73.0,15.0,Albany,61.0,15.0,16.0
2013,1,SW,9,1.0,Gonzaga,64.0,16.0,Southern,58.0,17.0,18.0
2013,1,SW,10,8.0,Pittsburgh,55.0,9.0,Wichita St.,73.0,19.0,20.0
2013,1,SW,11,5.0,Wisconsin,46.0,12.0,Mississippi,57.0,21.0,22.0
2013,1,SW,12,4.0,Kansas St.,61.0,13.0,La Salle,63.0,23.0,24.0
2013,1,SW,13,6.0,Arizona,81.0,11.0,Belmont,64.0,25.0,26.0
2013,1,SW,14,3.0,New Mexico,62.0,14.0,Harvard,68.0,27.0,28.0
2013,1,SW,15,7.0,Notre Dame,58.0,10.0,Iowa St.,76.0,29.0,30.0
2013,1,SW,16,2.0,Ohio St.,95.0,15.0,Iona,70.0,31.0,32.0
2013,1,NE,17,1.0,Kansas,64.0,16.0,Western Kentucky,57.0,33.0,34.0
2013,1,NE,18,8.0,North Carolina,78.0,9.0,Villanova,71.0,35.0,36.0
2013,1,NE,19,5.0,VCU,88.0,12.0,Akron,42.0,37.0,38.0
2013,1,NE,20,4.0,Michigan,71.0,13.0,South Dakota St.,56.0,39.0,40.0
2013,1,NE,21,6.0,UCLA,63.0,11.0,Minnesota,83.0,41.0,42.0
2013,1,NE,22,3.0,Florida,79.0,14.0,Northwestern St.,47.0,43.0,44.0
2013,1,NE,23,7.0,San Diego St.,70.0,10.0,Oklahoma,55.0,45.0,46.0
2013,1,NE,24,2.0,Georgetown,68.0,15.0,Florida Gulf Coast,78.0,47.0,48.0
2013,1,SE,25,1.0,Indiana,83.0,16.0,James Madison,62.0,49.0,50.0
2013,1,SE,26,8.0,North Carolina St.,72.0,9.0,Temple,76.0,51.0,52.0
2013,1,SE,27,5.0,UNLV,61.0,12.0,California,64.0,53.0,54.0
2013,1,SE,28,4.0,Syracuse,81.0,13.0,Montana,34.0,55.0,56.0
2013,1,SE,29,6.0,Butler,68.0,11.0,Bucknell,56.0,57.0,58.0
2013,1,SE,30,3.0,Marquette,59.0,14.0,Davidson,58.0,59.0,60.0
2013,1,SE,31,7.0,Illinois,57.0,10.0,Colorado,49.0,61.0,62.0
2013,1,SE,32,2.0,Miami FL,78.0,15.0,Pacific,49.0,63.0,64.0
2013,2,NW,33,1.0,Louisville,82.0,8.0,Colorado St.,56.0,1.0,3.0
2013,2,NW,34,4.0,Saint Louis,57.0,12.0,Oregon,74.0,7.0,6.0
2013,2,NW,35,3.0,Michigan St.,70.0,6.0,Memphis,48.0,11.0,9.0
2013,2,NW,36,2.0,Duke,66.0,7.0,Creighton,50.0,15.0,13.0
2013,2,SW,37,1.0,Gonzaga,70.0,9.0,Wichita St.,76.0,17.0,20.0
2013,2,SW,38,12.0,Mississippi,74.0,13.0,La Salle,76.0,22.0,24.0
2013,2,SW,39,6.0,Arizona,74.0,14.0,Harvard,51.0,25.0,28.0
2013,2,SW,40,2.0,Ohio St.,78.0,10.0,Iowa St.,75.0,31.0,30.0
2013,2,NE,41,1.0,Kansas,70.0,8.0,North Carolina,58.0,33.0,35.0
2013,2,NE,42,4.0,Michigan,78.0,5.0,VCU,53.0,39.0,37.0
2013,2,NE,43,3.0,Florida,78.0,11.0,Minnesota,64.0,43.0,42.0
2013,2,NE,44,7.0,San Diego St.,71.0,15.0,Florida Gulf Coast,81.0,45.0,48.0
2013,2,SE,45,1.0,Indiana,58.0,9.0,Temple,52.0,49.0,52.0
2013,2,SE,46,4.0,Syracuse,66.0,12.0,California,60.0,55.0,54.0
2013,2,SE,47,3.0,Marquette,74.0,6.0,Butler,72.0,59.0,57.0
2013,2,SE,48,2.0,Miami FL,63.0,7.0,Illinois,59.0,63.0,61.0
2013,3,NW,49,1.0,Louisville,77.0,12.0,Oregon,69.0,1.0,6.0
2013,3,NW,50,2.0,Duke,71.0,3.0,Michigan St.,61.0,15.0,11.0
2013,3,SW,51,9.0,Wichita St.,72.0,13.0,La Salle,58.0,20.0,24.0
2013,3,SW,52,2.0,Ohio St.,73.0,6.0,Arizona,70.0,31.0,25.0
2013,3,NE,53,1.0,Kansas,85.0,4.0,Michigan,87.0,33.0,39.0
2013,3,NE,54,3.0,Florida,62.0,15.0,Florida Gulf Coast,50.0,43.0,48.0
2013,3,SE,55,1.0,Indiana,50.0,4.0,Syracuse,61.0,49.0,55.0
2013,3,SE,56,2.0,Miami FL,61.0,3.0,Marquette,71.0,63.0,59.0
2013,4,NW,57,1.0,Louisville,85.0,2.0,Duke,63.0,1.0,15.0
2013,4,SW,58,2.0,Ohio St.,66.0,9.0,Wichita St.,70.0,31.0,20.0
2013,4,NE,59,3.0,Florida,59.0,4.0,Michigan,79.0,43.0,39.0
2013,4,SE,60,3.0,Marquette,39.0,4.0,Syracuse,55.0,59.0,55.0
2013,5,F4,61,1.0,Louisville,72.0,9.0,Wichita St.,68.0,1.0,20.0
2013,5,F4,62,4.0,Michigan,61.0,4.0,Syracuse,56.0,39.0,55.0
2013,6,Champ,63,1.0,Louisville,82.0,4.0,Michigan,76.0,1.0,39.0
2014,0,PI,-4,16.0,Albany,71.0,16.0,Mount St. Mary's,64.0,2.0,65.0
2014,0,PI,-3,12.0,North Carolina St.,74.0,12.0,Xavier,59.0,54.0,65.0
2014,0,PI,-2,16.0,Cal Poly,81.0,16.0,Texas Southern,69.0,50.0,65.0
2014,0,PI,-1,11.0,Tennessee,78.0,11.0,Iowa,65.0,58.0,65.0
2014,1,NW,1,1.0,Florida,67.0,16.0,Albany,55.0,1.0,2.0
2014,1,NW,2,8.0,Colorado,48.0,9.0,Pittsburgh,77.0,3.0,4.0
2014,1,NW,3,5.0,VCU,75.0,12.0,Stephen F. Austin,77.0,5.0,6.0
2014,1,NW,4,4.0,UCLA,76.0,13.0,Tulsa,59.0,7.0,8.0
2014,1,NW,5,6.0,Ohio St.,59.0,11.0,Dayton,60.0,9.0,10.0
2014,1,NW,6,3.0,Syracuse,77.0,14.0,Western Michigan,53.0,11.0,12.0
2014,1,NW,7,7.0,New Mexico,53.0,10.0,Stanford,58.0,13.0,14.0
2014,1,NW,8,2.0,Kansas,80.0,15.0,Eastern Kentucky,69.0,15.0,16.0
2014,1,SW,9,1.0,Virginia,70.0,16.0,Coastal Carolina,59.0,17.0,18.0
2014,1,SW,10,8.0,Memphis,71.0,9.0,George Washington,66.0,19.0,20.0
2014,1,SW,11,5.0,Cincinnati,57.0,12.0,Harvard,61.0,21.0,22.0
2014,1,SW,12,4.0,Michigan St.,93.0,13.0,Delaware,78.0,23.0,24.0
2014,1,SW,13,6.0,North Carolina,79.0,11.0,Providence,77.0,25.0,26.0
2014,1,SW,14,3.0,Iowa St.,93.0,14.0,North Carolina Central,75.0,27.0,28.0
2014,1,SW,15,7.0,Connecticut,89.0,10.0,Saint Joseph's,81.0,29.0,30.0
2014,1,SW,16,2.0,Villanova,73.0,15.0,Milwaukee,53.0,31.0,32.0
2014,1,NE,17,1.0,Arizona,68.0,16.0,Weber St.,59.0,33.0,34.0
2014,1,NE,18,8.0,Gonzaga,85.0,9.0,Oklahoma St.,77.0,35.0,36.0
2014,1,NE,19,5.0,Oklahoma,75.0,12.0,North Dakota St.,80.0,37.0,38.0
2014,1,NE,20,4.0,San Diego St.,73.0,13.0,New Mexico St.,69.0,39.0,40.0
2014,1,NE,21,6.0,Baylor,74.0,11.0,Nebraska,60.0,41.0,42.0
2014,1,NE,22,3.0,Creighton,76.0,14.0,Louisiana,66.0,43.0,44.0
2014,1,NE,23,7.0,Oregon,87.0,10.0,BYU,68.0,45.0,46.0
2014,1,NE,24,2.0,Wisconsin,75.0,15.0,American,35.0,47.0,48.0
2014,1,SE,25,1.0,Wichita St.,64.0,16.0,Cal Poly,37.0,49.0,50.0
2014,1,SE,26,8.0,Kentucky,56.0,9.0,Kansas St.,49.0,51.0,52.0
2014,1,SE,27,5.0,Saint Louis,83.0,12.0,North Carolina St.,80.0,53.0,54.0
2014,1,SE,28,4.0,Louisville,71.0,13.0,Manhattan,64.0,55.0,56.0
2014,1,SE,29,6.0,Massachusetts,67.0,11.0,Tennessee,86.0,57.0,58.0
2014,1,SE,30,3.0,Duke,71.0,14.0,Mercer,78.0,59.0,60.0
2014,1,SE,31,7.0,Texas,87.0,10.0,Arizona St.,85.0,61.0,62.0
2014,1,SE,32,2.0,Michigan,57.0,15.0,Wofford,40.0,63.0,64.0
2014,2,NW,33,1.0,Florida,61.0,9.0,Pittsburgh,45.0,1.0,4.0
2014,2,NW,34,4.0,UCLA,77.0,12.0,Stephen F. Austin,60.0,7.0,6.0
2014,2,NW,35,3.0,Syracuse,53.0,11.0,Dayton,55.0,11.0,10.0
2014,2,NW,36,2.0,Kansas,57.0,10.0,Stanford,60.0,15.0,14.0
2014,2,SW,37,1.0,Virginia,78.0,8.0,Memphis,60.0,17.0,19.0
2014,2,SW,38,4.0,Michigan St.,80.0,12.0,Harvard,73.0,23.0,22.0
2014,2,SW,39,3.0,Iowa St.,85.0,6.0,North Carolina,83.0,27.0,25.0
2014,2,SW,40,2.0,Villanova,65.0,7.0,Connecticut,77.0,31.0,29.0
2014,2,NE,41,1.0,Arizona,84.0,8.0,Gonzaga,61.0,33.0,35.0
2014,2,NE,42,4.0,San Diego St.,63.0,12.0,North Dakota St.,44.0,39.0,38.0
2014,2,NE,43,3.0,Creighton,55.0,6.0,Baylor,85.0,43.0,41.0
2014,2,NE,44,2.0,Wisconsin,85.0,7.0,Oregon,77.0,47.0,45.0
2014,2,SE,45,1.0,Wichita St.,76.0,8.0,Kentucky,78.0,49.0,51.0
2014,2,SE,46,4.0,Louisville,66.0,5.0,Saint Louis,51.0,55.0,53.0
2014,2,SE,47,11.0,Tennessee,83.0,14.0,Mercer,63.0,58.0,60.0
2014,2,SE,48,2.0,Michigan,79.0,7.0,Texas,65.0,63.0,61.0
2014,3,NW,49,1.0,Florida,79.0,4.0,UCLA,68.0,1.0,7.0
2014,3,NW,50,10.0,Stanford,72.0,11.0,Dayton,82.0,14.0,10.0
2014,3,SW,51,1.0,Virginia,59.0,4.0,Michigan St.,61.0,17.0,23.0
2014,3,SW,52,3.0,Iowa St.,76.0,7.0,Connecticut,81.0,27.0,29.0
2014,3,NE,53,1.0,Arizona,70.0,4.0,San Diego St.,64.0,33.0,39.0
2014,3,NE,54,2.0,Wisconsin,69.0,6.0,Baylor,52.0,47.0,41.0
2014,3,SE,55,4.0,Louisville,69.0,8.0,Kentucky,74.0,55.0,51.0
2014,3,SE,56,2.0,Michigan,73.0,11.0,Tennessee,71.0,63.0,58.0
2014,4,NW,57,1.0,Florida,62.0,11.0,Dayton,52.0,1.0,10.0
2014,4,SW,58,4.0,Michigan St.,54.0,7.0,Connecticut,60.0,23.0,29.0
2014,4,NE,59,1.0,Arizona,63.0,2.0,Wisconsin,64.0,33.0,47.0
2014,4,SE,60,2.0,Michigan,72.0,8.0,Kentucky,75.0,63.0,51.0
2014,5,F4,61,1.0,Florida,53.0,7.0,Connecticut,63.0,1.0,29.0
2014,5,F4,62,2.0,Wisconsin,73.0,8.0,Kentucky,74.0,47.0,51.0
2014,6,Champ,63,7.0,Connecticut,60.0,8.0,Kentucky,54.0,29.0,51.0
2015,0,PI,-4,16.0,Hampton,74.0,16.0,Manhattan,64.0,2.0,65.0
2015,0,PI,-3,11.0,Mississippi,94.0,11.0,BYU,90.0,26.0,65.0
2015,0,PI,-2,11.0,Dayton,56.0,11.0,Boise St.,55.0,42.0,65.0
2015,0,PI,-1,16.0,Robert Morris,81.0,16.0,North Florida,77.0,50.0,65.0
2015,1,NW,1,1.0,Kentucky,79.0,16.0,Hampton,56.0,1.0,2.0
2015,1,NW,2,8.0,Cincinnati,66.0,9.0,Purdue,65.0,3.0,4.0
2015,1,NW,3,5.0,West Virginia,68.0,12.0,Buffalo,62.0,5.0,6.0
2015,1,NW,4,4.0,Maryland,65.0,13.0,Valparaiso,62.0,7.0,8.0
2015,1,NW,5,6.0,Butler,56.0,11.0,Texas,48.0,9.0,10.0
2015,1,NW,6,3.0,Notre Dame,69.0,14.0,Northeastern,65.0,11.0,12.0
2015,1,NW,7,7.0,Wichita St.,81.0,10.0,Indiana,76.0,13.0,14.0
2015,1,NW,8,2.0,Kansas,75.0,15.0,New Mexico St.,56.0,15.0,16.0
2015,1,SW,9,1.0,Wisconsin,86.0,16.0,Coastal Carolina,72.0,17.0,18.0
2015,1,SW,10,8.0,Oregon,79.0,9.0,Oklahoma St.,73.0,19.0,20.0
2015,1,SW,11,5.0,Arkansas,56.0,12.0,Wofford,53.0,21.0,22.0
2015,1,SW,12,4.0,North Carolina,67.0,13.0,Harvard,65.0,23.0,24.0
2015,1,SW,13,6.0,Xavier,76.0,11.0,Mississippi,57.0,25.0,26.0
2015,1,SW,14,3.0,Baylor,56.0,14.0,Georgia St.,57.0,27.0,28.0
2015,1,SW,15,7.0,VCU,72.0,10.0,Ohio St.,75.0,29.0,30.0
2015,1,SW,16,2.0,Arizona,93.0,15.0,Texas Southern,72.0,31.0,32.0
2015,1,NE,17,1.0,Villanova,93.0,16.0,Louisiana,52.0,33.0,34.0
2015,1,NE,18,8.0,North Carolina St.,66.0,9.0,LSU,65.0,35.0,36.0
2015,1,NE,19,5.0,Northern Iowa,71.0,12.0,Wyoming,54.0,37.0,38.0
2015,1,NE,20,4.0,Louisville,57.0,13.0,UC Irvine,55.0,39.0,40.0
2015,1,NE,21,6.0,Providence,53.0,11.0,Dayton,66.0,41.0,42.0
2015,1,NE,22,3.0,Oklahoma,69.0,14.0,Albany,60.0,43.0,44.0
2015,1,NE,23,7.0,Michigan St.,70.0,10.0,Georgia,63.0,45.0,46.0
2015,1,NE,24,2.0,Virginia,79.0,15.0,Belmont,67.0,47.0,48.0
2015,1,SE,25,1.0,Duke,85.0,16.0,Robert Morris,56.0,49.0,50.0
2015,1,SE,26,8.0,San Diego St.,76.0,9.0,St. John's,64.0,51.0,52.0
2015,1,SE,27,5.0,Utah,57.0,12.0,Stephen F. Austin,50.0,53.0,54.0
2015,1,SE,28,4.0,Georgetown,84.0,13.0,Eastern Washington,74.0,55.0,56.0
2015,1,SE,29,6.0,SMU,59.0,11.0,UCLA,60.0,57.0,58.0
2015,1,SE,30,3.0,Iowa St.,59.0,14.0,UAB,60.0,59.0,60.0
2015,1,SE,31,7.0,Iowa,83.0,10.0,Davidson,52.0,61.0,62.0
2015,1,SE,32,2.0,Gonzaga,86.0,15.0,North Dakota St.,76.0,63.0,64.0
2015,2,NW,33,1.0,Kentucky,64.0,8.0,Cincinnati,51.0,1.0,3.0
2015,2,NW,34,4.0,Maryland,59.0,5.0,West Virginia,69.0,7.0,5.0
2015,2,NW,35,3.0,Notre Dame,67.0,6.0,Butler,64.0,11.0,9.0
2015,2,NW,36,2.0,Kansas,65.0,7.0,Wichita St.,78.0,15.0,13.0
2015,2,SW,37,1.0,Wisconsin,72.0,8.0,Oregon,65.0,17.0,19.0
2015,2,SW,38,4.0,North Carolina,87.0,5.0,Arkansas,78.0,23.0,21.0
2015,2,SW,39,6.0,Xavier,75.0,14.0,Georgia St.,67.0,25.0,28.0
2015,2,SW,40,2.0,Arizona,73.0,10.0,Ohio St.,58.0,31.0,30.0
2015,2,NE,41,1.0,Villanova,68.0,8.0,North Carolina St.,71.0,33.0,35.0
2015,2,NE,42,4.0,Louisville,66.0,5.0,Northern Iowa,53.0,39.0,37.0
2015,2,NE,43,3.0,Oklahoma,72.0,11.0,Dayton,66.0,43.0,42.0
2015,2,NE,44,2.0,Virginia,54.0,7.0,Michigan St.,60.0,47.0,45.0
2015,2,SE,45,1.0,Duke,68.0,8.0,San Diego St.,49.0,49.0,51.0
2015,2,SE,46,4.0,Georgetown,64.0,5.0,Utah,75.0,55.0,53.0
2015,2,SE,47,11.0,UCLA,92.0,14.0,UAB,75.0,58.0,60.0
2015,2,SE,48,2.0,Gonzaga,87.0,7.0,Iowa,69.0,63.0,61.0
2015,3,NW,49,1.0,Kentucky,78.0,5.0,West Virginia,39.0,1.0,5.0
2015,3,NW,50,3.0,Notre Dame,81.0,7.0,Wichita St.,70.0,11.0,13.0
2015,3,SW,51,1.0,Wisconsin,79.0,4.0,North Carolina,72.0,17.0,23.0
2015,3,SW,52,2.0,Arizona,68.0,6.0,Xavier,60.0,31.0,25.0
2015,3,NE,53,4.0,Louisville,75.0,8.0,North Carolina St.,65.0,39.0,35.0
2015,3,NE,54,3.0,Oklahoma,58.0,7.0,Michigan St.,62.0,43.0,45.0
2015,3,SE,55,1.0,Duke,63.0,5.0,Utah,57.0,49.0,53.0
2015,3,SE,56,2.0,Gonzaga,74.0,11.0,UCLA,62.0,63.0,58.0
2015,4,NW,57,1.0,Kentucky,68.0,3.0,Notre Dame,66.0,1.0,11.0
2015,4,SW,58,1.0,Wisconsin,85.0,2.0,Arizona,78.0,17.0,31.0
2015,4,NE,59,4.0,Louisville,70.0,7.0,Michigan St.,76.0,39.0,45.0
2015,4,SE,60,1.0,Duke,66.0,2.0,Gonzaga,52.0,49.0,63.0
2015,5,F4,61,1.0,Wisconsin,71.0,1.0,Kentucky,64.0,17.0,1.0
2015,5,F4,62,1.0,Duke,81.0,7.0,Michigan St.,61.0,49.0,45.0
2015,6,Champ,63,1.0,Duke,68.0,1.0,Wisconsin,63.0,49.0,17.0
2016,0,PI,-4,11.0,Wichita St.,70.0,11.0,Vanderbilt,50.0,10.0,65.0
2016,0,PI,-3,16.0,Holy Cross,59.0,16.0,Southern,55.0,18.0,65.0
2016,0,PI,-2,16.0,Florida Gulf Coast,96.0,16.0,Fairleigh Dickinson,65.0,34.0,65.0
2016,0,PI,-1,11.0,Michigan,67.0,11.0,Tulsa,62.0,42.0,65.0
2016,1,NW,1,1.0,Kansas,105.0,16.0,Austin Peay,79.0,1.0,2.0
2016,1,NW,2,8.0,Colorado,67.0,9.0,Connecticut,74.0,3.0,4.0
2016,1,NW,3,5.0,Maryland,79.0,12.0,South Dakota St.,74.0,5.0,6.0
2016,1,NW,4,4.0,California,66.0,13.0,Hawaii,77.0,7.0,8.0
2016,1,NW,5,6.0,Arizona,55.0,11.0,Wichita St.,65.0,9.0,10.0
2016,1,NW,6,3.0,Miami FL,79.0,14.0,Buffalo,72.0,11.0,12.0
2016,1,NW,7,7.0,Iowa,72.0,10.0,Temple,70.0,13.0,14.0
2016,1,NW,8,2.0,Villanova,86.0,15.0,UNC Asheville,56.0,15.0,16.0
2016,1,SW,9,1.0,Oregon,91.0,16.0,Holy Cross,52.0,17.0,18.0
2016,1,SW,10,8.0,Saint Joseph's,78.0,9.0,Cincinnati,76.0,19.0,20.0
2016,1,SW,11,5.0,Baylor,75.0,12.0,Yale,79.0,21.0,22.0
2016,1,SW,12,4.0,Duke,93.0,13.0,UNC Wilmington,85.0,23.0,24.0
2016,1,SW,13,6.0,Texas,72.0,11.0,Northern Iowa,75.0,25.0,26.0
2016,1,SW,14,3.0,Texas A&M,92.0,14.0,Green Bay,65.0,27.0,28.0
2016,1,SW,15,7.0,Oregon St.,67.0,10.0,VCU,75.0,29.0,30.0
2016,1,SW,16,2.0,Oklahoma,82.0,15.0,Cal St. Bakersfield,68.0,31.0,32.0
2016,1,NE,17,1.0,North Carolina,83.0,16.0,Florida Gulf Coast,67.0,33.0,34.0
2016,1,NE,18,8.0,USC,69.0,9.0,Providence,70.0,35.0,36.0
2016,1,NE,19,5.0,Indiana,99.0,12.0,Chattanooga,74.0,37.0,38.0
2016,1,NE,20,4.0,Kentucky,85.0,13.0,Stony Brook,57.0,39.0,40.0
2016,1,NE,21,6.0,Notre Dame,70.0,11.0,Michigan,63.0,41.0,42.0
2016,1,NE,22,3.0,West Virginia,56.0,14.0,Stephen F. Austin,70.0,43.0,44.0
2016,1,NE,23,7.0,Wisconsin,47.0,10.0,Pittsburgh,43.0,45.0,46.0
2016,1,NE,24,2.0,Xavier,71.0,15.0,Weber St.,53.0,47.0,48.0
2016,1,SE,25,1.0,Virginia,81.0,16.0,Hampton,45.0,49.0,50.0
2016,1,SE,26,8.0,Texas Tech,61.0,9.0,Butler,71.0,51.0,52.0
2016,1,SE,27,5.0,Purdue,83.0,12.0,Little Rock,85.0,53.0,54.0
2016,1,SE,28,4.0,Iowa St.,94.0,13.0,Iona,81.0,55.0,56.0
2016,1,SE,29,6.0,Seton Hall,52.0,11.0,Gonzaga,68.0,57.0,58.0
2016,1,SE,30,3.0,Utah,80.0,14.0,Fresno St.,69.0,59.0,60.0
2016,1,SE,31,7.0,Dayton,51.0,10.0,Syracuse,70.0,61.0,62.0
2016,1,SE,32,2.0,Michigan St.,81.0,15.0,Middle Tennessee,90.0,63.0,64.0
2016,2,NW,33,1.0,Kansas,73.0,9.0,Connecticut,61.0,1.0,4.0
2016,2,NW,34,5.0,Maryland,73.0,13.0,Hawaii,60.0,5.0,8.0
2016,2,NW,35,3.0,Miami FL,65.0,11.0,Wichita St.,57.0,11.0,10.0
2016,2,NW,36,2.0,Villanova,87.0,7.0,Iowa,68.0,15.0,13.0
2016,2,SW,37,1.0,Oregon,69.0,8.0,Saint Joseph's,64.0,17.0,19.0
2016,2,SW,38,4.0,Duke,71.0,12.0,Yale,64.0,23.0,22.0
2016,2,SW,39,3.0,Texas A&M,92.0,11.0,Northern Iowa,88.0,27.0,26.0
2016,2,SW,40,2.0,Oklahoma,85.0,10.0,VCU,81.0,31.0,30.0
2016,2,NE,41,1.0,North Carolina,85.0,9.0,Providence,66.0,33.0,36.0
2016,2,NE,42,4.0,Kentucky,67.0,5.0,Indiana,73.0,39.0,37.0
2016,2,NE,43,6.0,Notre Dame,76.0,14.0,Stephen F. Austin,75.0,41.0,44.0
2016,2,NE,44,2.0,Xavier,63.0,7.0,Wisconsin,66.0,47.0,45.0
2016,2,SE,45,1.0,Virginia,77.0,9.0,Butler,69.0,49.0,52.0
2016,2,SE,46,4.0,Iowa St.,78.0,12.0,Little Rock,61.0,55.0,54.0
2016,2,SE,47,3.0,Utah,59.0,11.0,Gonzaga,82.0,59.0,58.0
2016,2,SE,48,10.0,Syracuse,75.0,15.0,Middle Tennessee,50.0,62.0,64.0
2016,3,NW,49,1.0,Kansas,79.0,5.0,Maryland,63.0,1.0,5.0
2016,3,NW,50,2.0,Villanova,92.0,3.0,Miami FL,69.0,15.0,11.0
2016,3,SW,51,1.0,Oregon,82.0,4.0,Duke,68.0,17.0,23.0
2016,3,SW,52,2.0,Oklahoma,77.0,3.0,Texas A&M,63.0,31.0,27.0
2016,3,NE,53,1.0,North Carolina,101.0,5.0,Indiana,86.0,33.0,37.0
2016,3,NE,54,6.0,Notre Dame,61.0,7.0,Wisconsin,56.0,41.0,45.0
2016,3,SE,55,1.0,Virginia,84.0,4.0,Iowa St.,71.0,49.0,55.0
2016,3,SE,56,10.0,Syracuse,63.0,11.0,Gonzaga,60.0,62.0,58.0
2016,4,NW,57,1.0,Kansas,59.0,2.0,Villanova,64.0,1.0,15.0
2016,4,SW,58,1.0,Oregon,68.0,2.0,Oklahoma,80.0,17.0,31.0
2016,4,NE,59,1.0,North Carolina,88.0,6.0,Notre Dame,74.0,33.0,41.0
2016,4,SE,60,1.0,Virginia,62.0,10.0,Syracuse,68.0,49.0,62.0
2016,5,F4,61,2.0,Villanova,95.0,2.0,Oklahoma,51.0,15.0,31.0
2016,5,F4,62,1.0,North Carolina,83.0,10.0,Syracuse,66.0,33.0,62.0
2016,6,Champ,63,1.0,North Carolina,74.0,2.0,Villanova,77.0,33.0,15.0
2017,0,PI,-4,16.0,Mount St. Mary's,67.0,16.0,New Orleans,66.0,2.0,65.0
2017,0,PI,-3,11.0,USC,75.0,11.0,Providence,71.0,10.0,65.0
2017,0,PI,-2,16.0,UC Davis,67.0,16.0,North Carolina Central,63.0,34.0,65.0
2017,0,PI,-1,11.0,Kansas St.,95.0,11.0,Wake Forest,88.0,58.0,65.0
2017,1,NW,1,1.0,Villanova,76.0,16.0,Mount St. Mary's,56.0,1.0,2.0
2017,1,NW,2,8.0,Wisconsin,84.0,9.0,Virginia Tech,74.0,3.0,4.0
2017,1,NW,3,5.0,Virginia,76.0,12.0,UNC Wilmington,71.0,5.0,6.0
2017,1,NW,4,4.0,Florida,80.0,13.0,East Tennessee St.,65.0,7.0,8.0
2017,1,NW,5,6.0,SMU,65.0,11.0,USC,66.0,9.0,10.0
2017,1,NW,6,3.0,Baylor,91.0,14.0,New Mexico St.,73.0,11.0,12.0
2017,1,NW,7,7.0,South Carolina,93.0,10.0,Marquette,73.0,13.0,14.0
2017,1,NW,8,2.0,Duke,87.0,15.0,Troy,65.0,15.0,16.0
2017,1,SW,9,1.0,Gonzaga,66.0,16.0,San Diego St.,46.0,17.0,18.0
2017,1,SW,10,8.0,Northwestern,68.0,9.0,Vanderbilt,66.0,19.0,20.0
2017,1,SW,11,5.0,Notre Dame,60.0,12.0,Princeton,58.0,21.0,22.0
2017,1,SW,12,4.0,West Virginia,86.0,13.0,Bucknell,80.0,23.0,24.0
2017,1,SW,13,6.0,Maryland,65.0,11.0,Xavier,76.0,25.0,26.0
2017,1,SW,14,3.0,Florida St.,86.0,14.0,Florida Gulf Coast,80.0,27.0,28.0
2017,1,SW,15,7.0,Saint Mary's,85.0,10.0,VCU,77.0,29.0,30.0
2017,1,SW,16,2.0,Arizona,100.0,15.0,North Dakota,82.0,31.0,32.0
2017,1,NE,17,1.0,Kansas,100.0,16.0,UC Davis,62.0,33.0,34.0
2017,1,NE,18,8.0,Miami FL,58.0,9.0,Michigan St.,78.0,35.0,36.0
2017,1,NE,19,5.0,Iowa St.,84.0,12.0,Nevada,73.0,37.0,38.0
2017,1,NE,20,4.0,Purdue,80.0,13.0,Vermont,70.0,39.0,40.0
2017,1,NE,21,6.0,Creighton,72.0,11.0,Rhode Island,84.0,41.0,42.0
2017,1,NE,22,3.0,Oregon,93.0,14.0,Iona,77.0,43.0,44.0
2017,1,NE,23,7.0,Michigan,92.0,10.0,Oklahoma St.,91.0,45.0,46.0
2017,1,NE,24,2.0,Louisville,78.0,15.0,Jacksonville St.,63.0,47.0,48.0
2017,1,SE,25,1.0,North Carolina,103.0,16.0,Texas Southern,64.0,49.0,50.0
2017,1,SE,26,8.0,Arkansas,77.0,9.0,Seton Hall,71.0,51.0,52.0
2017,1,SE,27,5.0,Minnesota,72.0,12.0,Middle Tennessee,81.0,53.0,54.0
2017,1,SE,28,4.0,Butler,76.0,13.0,Winthrop,64.0,55.0,56.0
2017,1,SE,29,6.0,Cincinnati,75.0,11.0,Kansas St.,61.0,57.0,58.0
2017,1,SE,30,3.0,UCLA,97.0,14.0,Kent St.,80.0,59.0,60.0
2017,1,SE,31,7.0,Dayton,58.0,10.0,Wichita St.,64.0,61.0,62.0
2017,1,SE,32,2.0,Kentucky,79.0,15.0,Northern Kentucky,70.0,63.0,64.0
2017,2,NW,33,1.0,Villanova,62.0,8.0,Wisconsin,65.0,1.0,3.0
2017,2,NW,34,4.0,Florida,65.0,5.0,Virginia,39.0,7.0,5.0
2017,2,NW,35,3.0,Baylor,82.0,11.0,USC,78.0,11.0,10.0
2017,2,NW,36,2.0,Duke,81.0,7.0,South Carolina,88.0,15.0,13.0
2017,2,SW,37,1.0,Gonzaga,79.0,8.0,Northwestern,73.0,17.0,19.0
2017,2,SW,38,4.0,West Virginia,83.0,5.0,Notre Dame,71.0,23.0,21.0
2017,2,SW,39,3.0,Florida St.,66.0,11.0,Xavier,91.0,27.0,26.0
2017,2,SW,40,2.0,Arizona,69.0,7.0,Saint Mary's,60.0,31.0,29.0
2017,2,NE,41,1.0,Kansas,90.0,9.0,Michigan St.,70.0,33.0,36.0
2017,2,NE,42,4.0,Purdue,80.0,5.0,Iowa St.,76.0,39.0,37.0
2017,2,NE,43,3.0,Oregon,75.0,11.0,Rhode Island,72.0,43.0,42.0
2017,2,NE,44,2.0,Louisville,69.0,7.0,Michigan,73.0,47.0,45.0
2017,2,SE,45,1.0,North Carolina,72.0,8.0,Arkansas,65.0,49.0,51.0
2017,2,SE,46,4.0,Butler,74.0,12.0,Middle Tennessee,65.0,55.0,54.0
2017,2,SE,47,3.0,UCLA,79.0,6.0,Cincinnati,67.0,59.0,57.0
2017,2,SE,48,2.0,Kentucky,65.0,10.0,Wichita St.,62.0,63.0,62.0
2017,3,NW,49,4.0,Florida,84.0,8.0,Wisconsin,83.0,7.0,3.0
2017,3,NW,50,3.0,Baylor,50.0,7.0,South Carolina,70.0,11.0,13.0
2017,3,SW,51,1.0,Gonzaga,61.0,4.0,West Virginia,58.0,17.0,23.0
2017,3,SW,52,2.0,Arizona,71.0,11.0,Xavier,73.0,31.0,26.0
2017,3,NE,53,1.0,Kansas,98.0,4.0,Purdue,66.0,33.0,39.0
2017,3,NE,54,3.0,Oregon,69.0,7.0,Michigan,68.0,43.0,45.0
2017,3,SE,55,1.0,North Carolina,92.0,4.0,Butler,80.0,49.0,55.0
2017,3,SE,56,2.0,Kentucky,86.0,3.0,UCLA,75.0,63.0,59.0
2017,4,NW,57,4.0,Florida,70.0,7.0,South Carolina,77.0,7.0,13.0
2017,4,SW,58,1.0,Gonzaga,83.0,11.0,Xavier,59.0,17.0,26.0
2017,4,NE,59,1.0,Kansas,60.0,3.0,Oregon,74.0,33.0,43.0
2017,4,SE,60,1.0,North Carolina,75.0,2.0,Kentucky,73.0,49.0,63.0
2017,5,F4,61,1.0,Gonzaga,77.0,7.0,South Carolina,73.0,17.0,13.0
2017,5,F4,62,1.0,North Carolina,77.0,3.0,Oregon,76.0,49.0,43.0
2017,6,Champ,63,1.0,North Carolina,71.0,1.0,Gonzaga,65.0,49.0,17.0
2018,0,PI,-4,16.0,Radford,71.0,16.0,LIU,61.0,34.0,65.0
2018,0,PI,-3,11.0,St. Bonaventure,65.0,11.0,UCLA,58.0,42.0,65.0
2018,0,PI,-2,16.0,Texas Southern,64.0,16.0,North Carolina Central,46.0,20.0,65.0
2018,0,PI,-1,11.0,Syracuse,60.0,11.0,Arizona St.,56.0,58.0,65.0
2018,1,NW,1,1.0,Virginia,54.0,16.0,UMBC,74.0,1.0,4.0
2018,1,NW,2,8.0,Creighton,59.0,9.0,Kansas St.,69.0,5.0,6.0
2018,1,NW,3,5.0,Kentucky,78.0,12.0,Davidson,73.0,7.0,8.0
2018,1,NW,4,4.0,Arizona,68.0,13.0,Buffalo,89.0,9.0,10.0
2018,1,NW,5,6.0,Miami FL,62.0,11.0,Loyola Chicago,64.0,11.0,12.0
2018,1,NW,6,3.0,Tennessee,73.0,14.0,Wright St.,47.0,13.0,14.0
2018,1,NW,7,7.0,Nevada,87.0,10.0,Texas,83.0,15.0,16.0
2018,1,SW,8,2.0,Cincinnati,68.0,15.0,Georgia St.,53.0,17.0,18.0
2018,1,SW,9,1.0,Xavier,102.0,16.0,Texas Southern,83.0,19.0,20.0
2018,1,SW,10,8.0,Missouri,54.0,9.0,Florida St.,67.0,21.0,22.0
2018,1,NW,11,5.0,Ohio St.,81.0,12.0,South Dakota St.,73.0,2.0,3.0
2018,1,SW,12,4.0,Gonzaga,68.0,13.0,UNC Greensboro,64.0,23.0,24.0
2018,1,SW,13,6.0,Houston,67.0,11.0,San Diego St.,65.0,25.0,26.0
2018,1,SW,14,3.0,Michigan,61.0,14.0,Montana,47.0,27.0,28.0
2018,1,SW,15,7.0,Texas A&M,73.0,10.0,Providence,69.0,29.0,30.0
2018,1,SW,16,2.0,North Carolina,84.0,15.0,Lipscomb,66.0,31.0,32.0
2018,1,NE,17,1.0,Villanova,87.0,16.0,Radford,61.0,33.0,34.0
2018,1,NE,18,8.0,Virginia Tech,83.0,9.0,Alabama,86.0,35.0,36.0
2018,1,NE,19,5.0,West Virginia,85.0,12.0,Murray St.,68.0,37.0,38.0
2018,1,NE,20,4.0,Wichita St.,75.0,13.0,Marshall,81.0,39.0,40.0
2018,1,NE,21,6.0,Florida,77.0,11.0,St. Bonaventure,62.0,41.0,42.0
2018,1,NE,22,3.0,Texas Tech,70.0,14.0,Stephen F. Austin,60.0,43.0,44.0
2018,1,NE,23,7.0,Arkansas,62.0,10.0,Butler,79.0,45.0,46.0
2018,1,NE,24,2.0,Purdue,74.0,15.0,Cal St. Fullerton,48.0,47.0,48.0
2018,1,SE,25,1.0,Kansas,76.0,16.0,Penn,60.0,49.0,50.0
2018,1,SE,26,8.0,Seton Hall,94.0,9.0,North Carolina St.,83.0,51.0,52.0
2018,1,SE,27,5.0,Clemson,79.0,12.0,New Mexico St.,68.0,53.0,54.0
2018,1,SE,28,4.0,Auburn,62.0,13.0,Charleston,58.0,55.0,56.0
2018,1,SE,29,6.0,TCU,52.0,11.0,Syracuse,57.0,57.0,58.0
2018,1,SE,30,3.0,Michigan St.,82.0,14.0,Bucknell,78.0,59.0,60.0
2018,1,SE,31,7.0,Rhode Island,83.0,10.0,Oklahoma,78.0,61.0,62.0
2018,1,SE,32,2.0,Duke,89.0,15.0,Iona,67.0,63.0,64.0
2018,2,NW,33,9.0,Kansas St.,50.0,16.0,UMBC,43.0,6.0,4.0
2018,2,NW,34,5.0,Kentucky,95.0,13.0,Buffalo,75.0,7.0,10.0
2018,2,NW,35,3.0,Tennessee,62.0,11.0,Loyola Chicago,63.0,13.0,12.0
2018,2,NW,36,2.0,Cincinnati,73.0,7.0,Nevada,75.0,17.0,15.0
2018,2,SW,37,1.0,Xavier,70.0,9.0,Florida St.,75.0,19.0,22.0
2018,2,SW,38,4.0,Gonzaga,90.0,5.0,Ohio St.,84.0,23.0,2.0
2018,2,SW,39,3.0,Michigan,64.0,6.0,Houston,63.0,27.0,25.0
2018,2,SW,40,2.0,North Carolina,65.0,7.0,Texas A&M,86.0,31.0,29.0
2018,2,NE,41,1.0,Villanova,81.0,9.0,Alabama,58.0,33.0,36.0
2018,2,NE,42,5.0,West Virginia,89.0,13.0,Marshall,62.0,37.0,40.0
2018,2,NE,43,3.0,Texas Tech,69.0,6.0,Florida,66.0,43.0,41.0
2018,2,NE,44,2.0,Purdue,76.0,10.0,Butler,73.0,47.0,46.0
2018,2,SE,45,1.0,Kansas,83.0,8.0,Seton Hall,79.0,49.0,51.0
2018,2,SE,46,4.0,Auburn,53.0,5.0,Clemson,84.0,55.0,53.0
2018,2,SE,47,3.0,Michigan St.,53.0,11.0,Syracuse,55.0,59.0,58.0
2018,2,SE,48,2.0,Duke,87.0,7.0,Rhode Island,62.0,63.0,61.0
2018,3,NW,49,5.0,Kentucky,58.0,9.0,Kansas St.,61.0,7.0,6.0
2018,3,NW,50,7.0,Nevada,68.0,11.0,Loyola Chicago,69.0,15.0,12.0
2018,3,SW,51,4.0,Gonzaga,60.0,9.0,Florida St.,75.0,23.0,22.0
2018,3,SW,52,3.0,Michigan,99.0,7.0,Texas A&M,72.0,27.0,29.0
2018,3,NE,53,1.0,Villanova,90.0,5.0,West Virginia,78.0,33.0,37.0
2018,3,NE,54,2.0,Purdue,65.0,3.0,Texas Tech,78.0,47.0,43.0
2018,3,SE,55,1.0,Kansas,80.0,5.0,Clemson,76.0,49.0,53.0
2018,3,SE,56,2.0,Duke,69.0,11.0,Syracuse,65.0,63.0,58.0
2018,4,NW,57,9.0,Kansas St.,62.0,11.0,Loyola Chicago,78.0,6.0,12.0
2018,4,SW,58,3.0,Michigan,58.0,9.0,Florida St.,54.0,27.0,22.0
2018,4,NE,59,1.0,Villanova,71.0,3.0,Texas Tech,59.0,33.0,43.0
2018,4,SE,60,1.0,Kansas,85.0,2.0,Duke,81.0,49.0,63.0
2018,5,F4,61,3.0,Michigan,69.0,11.0,Loyola Chicago,57.0,27.0,12.0
2018,5,F4,62,1.0,Villanova,95.0,1.0,Kansas,79.0,33.0,49.0
2018,6,Champ,63,1.0,Villanova,79.0,3.0,Michigan,62.0,33.0,27.0
2019,0,PI,-4,16.0,North Dakota St.,82.0,16.0,North Carolina Central,76.0,2.0,65.0
2019,0,PI,-3,11.0,Belmont,81.0,11.0,Temple,70.0,10.0,65.0
2019,0,PI,-2,16.0,Fairleigh Dickinson,82.0,16.0,Prairie View A&M,76.0,18.0,65.0
2019,0,PI,-1,11.0,Arizona St.,74.0,11.0,St. John's,65.0,26.0,65.0
2019,1,NW,1,1.0,Duke,85.0,16.0,North Dakota St.,62.0,1.0,2.0
2019,1,NW,2,8.0,VCU,58.0,9.0,UCF,73.0,3.0,4.0
2019,1,NW,3,5.0,Mississippi St.,76.0,12.0,Liberty,80.0,5.0,6.0
2019,1,NW,4,4.0,Virginia Tech,66.0,13.0,Saint Louis,52.0,7.0,8.0
2019,1,NW,5,6.0,Maryland,79.0,11.0,Belmont,77.0,9.0,10.0
2019,1,NW,6,3.0,LSU,79.0,14.0,Yale,74.0,11.0,12.0
2019,1,NW,7,7.0,Louisville,76.0,10.0,Minnesota,86.0,13.0,14.0
2019,1,NW,8,2.0,Michigan St.,76.0,15.0,Bradley,65.0,15.0,16.0
2019,1,SW,9,1.0,Gonzaga,87.0,16.0,Fairleigh Dickinson,49.0,17.0,18.0
2019,1,SW,10,8.0,Syracuse,69.0,9.0,Baylor,78.0,19.0,20.0
2019,1,SW,11,5.0,Marquette,64.0,12.0,Murray St.,83.0,21.0,22.0
2019,1,SW,12,4.0,Florida St.,76.0,13.0,Vermont,69.0,23.0,24.0
2019,1,SW,13,6.0,Buffalo,91.0,11.0,Arizona St.,74.0,25.0,26.0
2019,1,SW,14,3.0,Texas Tech,72.0,14.0,Northern Kentucky,57.0,27.0,28.0
2019,1,SW,15,7.0,Nevada,61.0,10.0,Florida,70.0,29.0,30.0
2019,1,SW,16,2.0,Michigan,74.0,15.0,Montana,55.0,31.0,32.0
2019,1,NE,17,1.0,Virginia,71.0,16.0,Gardner Webb,56.0,33.0,34.0
2019,1,NE,18,8.0,Mississippi,72.0,9.0,Oklahoma,95.0,35.0,36.0
2019,1,NE,19,5.0,Wisconsin,54.0,12.0,Oregon,72.0,37.0,38.0
2019,1,NE,20,4.0,Kansas St.,64.0,13.0,UC Irvine,70.0,39.0,40.0
2019,1,NE,21,6.0,Villanova,61.0,11.0,Saint Mary's,57.0,41.0,42.0
2019,1,NE,22,3.0,Purdue,61.0,14.0,Old Dominion,46.0,43.0,44.0
2019,1,NE,23,7.0,Cincinnati,72.0,10.0,Iowa,79.0,45.0,46.0
2019,1,NE,24,2.0,Tennessee,77.0,15.0,Colgate,70.0,47.0,48.0
2019,1,SE,25,1.0,North Carolina,88.0,16.0,Iona,73.0,49.0,50.0
2019,1,SE,26,8.0,Utah St.,61.0,9.0,Washington,78.0,51.0,52.0
2019,1,SE,27,5.0,Auburn,78.0,12.0,New Mexico St.,77.0,53.0,54.0
2019,1,SE,28,4.0,Kansas,87.0,13.0,Northeastern,53.0,55.0,56.0
2019,1,SE,29,6.0,Iowa St.,59.0,11.0,Ohio St.,62.0,57.0,58.0
2019,1,SE,30,3.0,Houston,84.0,14.0,Georgia St.,55.0,59.0,60.0
2019,1,SE,31,7.0,Wofford,84.0,10.0,Seton Hall,68.0,61.0,62.0
2019,1,SE,32,2.0,Kentucky,79.0,15.0,Abilene Christian,44.0,63.0,64.0
2019,2,NW,33,1.0,Duke,77.0,9.0,UCF,76.0,1.0,4.0
2019,2,NW,34,4.0,Virginia Tech,67.0,12.0,Liberty,58.0,7.0,6.0
2019,2,NW,35,3.0,LSU,69.0,6.0,Maryland,67.0,11.0,9.0
2019,2,NW,36,2.0,Michigan St.,70.0,10.0,Minnesota,50.0,15.0,14.0
2019,2,SW,37,1.0,Gonzaga,83.0,9.0,Baylor,71.0,17.0,20.0
2019,2,SW,38,4.0,Florida St.,90.0,12.0,Murray St.,62.0,23.0,22.0
2019,2,SW,39,3.0,Texas Tech,62.0,6.0,Buffalo,58.0,27.0,25.0
2019,2,SW,40,2.0,Michigan,64.0,10.0,Florida,49.0,31.0,30.0
2019,2,NE,41,1.0,Virginia,63.0,9.0,Oklahoma,51.0,33.0,36.0
2019,2,NE,42,12.0,Oregon,73.0,13.0,UC Irvine,54.0,38.0,40.0
2019,2,NE,43,3.0,Purdue,87.0,6.0,Villanova,61.0,43.0,41.0
2019,2,NE,44,2.0,Tennessee,83.0,10.0,Iowa,77.0,47.0,46.0
2019,2,SE,45,1.0,North Carolina,81.0,9.0,Washington,59.0,49.0,52.0
2019,2,SE,46,4.0,Kansas,75.0,5.0,Auburn,89.0,55.0,53.0
2019,2,SE,47,3.0,Houston,74.0,11.0,Ohio St.,59.0,59.0,58.0
2019,2,SE,48,2.0,Kentucky,62.0,7.0,Wofford,56.0,63.0,61.0
2019,3,NW,49,1.0,Duke,75.0,4.0,Virginia Tech,73.0,1.0,7.0
2019,3,NW,50,2.0,Michigan St.,80.0,3.0,LSU,63.0,15.0,11.0
2019,3,SW,51,1.0,Gonzaga,72.0,4.0,Florida St.,58.0,17.0,23.0
2019,3,SW,52,2.0,Michigan,44.0,3.0,Texas Tech,63.0,31.0,27.0
2019,3,NE,53,1.0,Virginia,53.0,12.0,Oregon,49.0,33.0,38.0
2019,3,NE,54,2.0,Tennessee,94.0,3.0,Purdue,99.0,47.0,43.0
2019,3,SE,55,1.0,North Carolina,80.0,5.0,Auburn,97.0,49.0,53.0
2019,3,SE,56,2.0,Kentucky,62.0,3.0,Houston,58.0,63.0,59.0
2019,4,NW,57,1.0,Duke,67.0,2.0,Michigan St.,68.0,1.0,15.0
2019,4,SW,58,1.0,Gonzaga,69.0,3.0,Texas Tech,75.0,17.0,27.0
2019,4,NE,59,1.0,Virginia,80.0,3.0,Purdue,75.0,33.0,43.0
2019,4,SE,60,2.0,Kentucky,71.0,5.0,Auburn,77.0,63.0,53.0
2019,5,F4,61,2.0,Michigan St.,51.0,3.0,Texas Tech,61.0,15.0,27.0
2019,5,F4,62,1.0,Virginia,63.0,5.0,Auburn,62.0,33.0,53.0
2019,6,Champ,63,1.0,Virginia,85.0,3.0,Texas Tech,77.0,33.0,27.0
2021,0,PI,-4,16.0,Texas Southern,60.0,16.0,Mount St. Mary's,52.0,18.0,65.0
2021,0,PI,-3,11.0,Drake,53.0,11.0,Wichita St.,52.0,10.0,65.0
2021,0,PI,-2,16.0,Norfolk St.,54.0,16.0,Appalachian St.,53.0,2.0,65.0
2021,0,PI,-1,11.0,UCLA,86.0,11.0,Michigan St.,80.0,26.0,65.0
2021,1,NW,1,1.0,Gonzaga,98.0,16.0,Norfolk St.,55.0,1.0,2.0
2021,1,NW,2,8.0,Oklahoma,72.0,9.0,Missouri,68.0,3.0,4.0
2021,1,NW,3,5.0,Creighton,63.0,12.0,UC Santa Barbara,62.0,5.0,6.0
2021,1,NW,4,4.0,Virginia,58.0,13.0,Ohio,62.0,7.0,8.0
2021,1,NW,5,6.0,USC,72.0,11.0,Drake,56.0,9.0,10.0
2021,1,NW,6,3.0,Kansas,93.0,14.0,Eastern Washington,84.0,11.0,12.0
2021,1,NW,7,7.0,Oregon,1.0,10.0,VCU,0.0,13.0,14.0
2021,1,NW,8,2.0,Iowa,86.0,15.0,Grand Canyon,74.0,15.0,16.0
2021,1,SW,9,1.0,Michigan,82.0,16.0,Texas Southern,66.0,17.0,18.0
2021,1,SW,10,8.0,LSU,76.0,9.0,St. Bonaventure,61.0,19.0,20.0
2021,1,SW,11,5.0,Colorado,96.0,12.0,Georgetown,73.0,21.0,22.0
2021,1,SW,12,4.0,Florida St.,64.0,13.0,UNC Greensboro,54.0,23.0,24.0
2021,1,SW,13,6.0,BYU,62.0,11.0,UCLA,73.0,25.0,26.0
2021,1,SW,14,3.0,Texas,52.0,14.0,Abilene Christian,53.0,27.0,28.0
2021,1,SW,15,7.0,Connecticut,54.0,10.0,Maryland,63.0,29.0,30.0
2021,1,SW,16,2.0,Alabama,68.0,15.0,Iona,55.0,31.0,32.0
2021,1,NE,18,8.0,North Carolina,62.0,9.0,Wisconsin,85.0,35.0,36.0
2021,1,NE,19,5.0,Villanova,73.0,12.0,Winthrop,63.0,37.0,38.0
2021,1,NE,20,4.0,Purdue,69.0,13.0,North Texas,78.0,39.0,40.0
2021,1,NE,21,6.0,Texas Tech,65.0,11.0,Utah St.,53.0,41.0,42.0
2021,1,NE,22,3.0,Arkansas,85.0,14.0,Colgate,68.0,43.0,44.0
2021,1,NE,23,7.0,Florida,75.0,10.0,Virginia Tech,70.0,45.0,46.0
2021,1,NE,24,2.0,Ohio St.,72.0,15.0,Oral Roberts,75.0,47.0,48.0
2021,1,SE,25,1.0,Illinois,78.0,16.0,Drexel,49.0,49.0,50.0
2021,1,SE,26,8.0,Loyola Chicago,71.0,9.0,Georgia Tech,60.0,51.0,52.0
2021,1,SE,27,5.0,Tennessee,56.0,12.0,Oregon St.,70.0,53.0,54.0
2021,1,SE,28,4.0,Oklahoma St.,69.0,13.0,Liberty,60.0,55.0,56.0
2021,1,SE,29,6.0,San Diego St.,62.0,11.0,Syracuse,78.0,57.0,58.0
2021,1,SE,30,3.0,West Virginia,84.0,14.0,Morehead St.,67.0,59.0,60.0
2021,1,SE,31,7.0,Clemson,56.0,10.0,Rutgers,60.0,61.0,62.0
2021,1,SE,32,2.0,Houston,87.0,15.0,Cleveland St.,56.0,63.0,64.0
2021,2,NW,33,1.0,Gonzaga,87.0,8.0,Oklahoma,71.0,1.0,3.0
2021,2,NW,34,5.0,Creighton,72.0,13.0,Ohio,58.0,5.0,8.0
2021,2,NW,35,3.0,Kansas,51.0,6.0,USC,85.0,11.0,9.0
2021,2,NW,36,2.0,Iowa,80.0,7.0,Oregon,95.0,15.0,13.0
2021,2,SW,37,1.0,Michigan,86.0,8.0,LSU,78.0,17.0,19.0
2021,2,SW,38,4.0,Florida St.,71.0,5.0,Colorado,53.0,23.0,21.0
2021,2,SW,39,11.0,UCLA,67.0,14.0,Abilene Christian,47.0,26.0,28.0
2021,2,SW,40,2.0,Alabama,96.0,10.0,Maryland,77.0,31.0,30.0
2021,2,NE,41,1.0,Baylor,76.0,9.0,Wisconsin,63.0,33.0,36.0
2021,2,NE,42,5.0,Villanova,84.0,13.0,North Texas,61.0,37.0,40.0
2021,2,NE,43,3.0,Arkansas,68.0,6.0,Texas Tech,66.0,43.0,41.0
2021,2,NE,44,7.0,Florida,78.0,15.0,Oral Roberts,81.0,45.0,48.0
2021,2,SE,45,1.0,Illinois,58.0,8.0,Loyola Chicago,71.0,49.0,51.0
2021,2,SE,46,4.0,Oklahoma St.,70.0,12.0,Oregon St.,80.0,55.0,54.0
2021,2,SE,47,3.0,West Virginia,72.0,11.0,Syracuse,75.0,59.0,58.0
2021,2,SE,48,2.0,Houston,63.0,10.0,Rutgers,60.0,63.0,62.0
2021,3,NW,49,1.0,Gonzaga,83.0,5.0,Creighton,65.0,1.0,5.0
2021,3,NW,50,6.0,USC,73.0,7.0,Oregon,57.0,9.0,13.0
2021,3,SW,51,1.0,Michigan,76.0,4.0,Florida St.,58.0,17.0,23.0
2021,3,SW,52,2.0,Alabama,78.0,11.0,UCLA,88.0,31.0,26.0
2021,3,NE,53,1.0,Baylor,62.0,5.0,Villanova,51.0,33.0,37.0
2021,3,NE,54,3.0,Arkansas,72.0,15.0,Oral Roberts,70.0,43.0,48.0
2021,3,SE,55,8.0,Loyola Chicago,58.0,12.0,Oregon St.,65.0,51.0,54.0
2021,3,SE,56,2.0,Houston,62.0,11.0,Syracuse,46.0,63.0,58.0
2021,4,NW,57,1.0,Gonzaga,85.0,6.0,USC,66.0,1.0,9.0
2021,4,SW,58,1.0,Michigan,49.0,11.0,UCLA,51.0,17.0,26.0
2021,4,NE,59,1.0,Baylor,81.0,3.0,Arkansas,72.0,33.0,43.0
2021,4,SE,60,2.0,Houston,67.0,12.0,Oregon St.,61.0,63.0,54.0
2021,5,F4,61,1.0,Gonzaga,93.0,11.0,UCLA,90.0,1.0,26.0
2021,5,F4,62,1.0,Baylor,78.0,2.0,Houston,59.0,33.0,63.0
2021,6,Champ,63,1.0,Baylor,86.0,1.0,Gonzaga,70.0,33.0,1.0
2022,0,PI,-4,16.0,Texas Southern,76.0,16.0,Texas A&M,67.0,18.0,65.0
2022,0,PI,-3,12.0,Wyoming,58.0,11.0,Indiana,66.0,10.0,65.0
2022,0,PI,-1,11.0,Rutgers,87.0,11.0,Notre Dame,89.0,26.0,65.0
2022,1,NW,1,1.0,Gonzaga,93.0,16.0,Georgia St.,72.0,1.0,2.0
2022,1,NW,2,8.0,Boise St.,53.0,9.0,Memphis,64.0,3.0,4.0
2022,1,NW,3,5.0,Connecticut,63.0,12.0,New Mexico St.,70.0,5.0,6.0
2022,1,NW,4,4.0,Arkansas,75.0,13.0,Vermont,71.0,7.0,8.0
2022,1,NW,5,6.0,Alabama,64.0,11.0,Notre Dame,78.0,9.0,10.0
2022,1,NW,6,3.0,Texas Tech,97.0,14.0,Montana St.,62.0,11.0,12.0
2022,1,NW,7,7.0,Michigan St.,74.0,10.0,Davidson,73.0,13.0,14.0
2022,1,NW,8,2.0,Duke,78.0,15.0,Cal St. Fullerton,61.0,15.0,16.0
2022,1,SW,9,1.0,Baylor,85.0,16.0,Norfolk St.,49.0,17.0,18.0
2022,1,SW,10,8.0,North Carolina,95.0,9.0,Marquette,63.0,19.0,20.0
2022,1,SW,11,5.0,Saint Mary's,82.0,12.0,Indiana,53.0,21.0,22.0
2022,1,SW,12,4.0,UCLA,57.0,13.0,Akron,53.0,23.0,24.0
2022,1,SW,13,6.0,Texas,81.0,11.0,Virginia Tech,73.0,25.0,26.0
2022,1,SW,14,3.0,Purdue,78.0,14.0,Yale,56.0,27.0,28.0
2022,1,SW,15,7.0,Murray St.,92.0,10.0,San Francisco,87.0,29.0,30.0
2022,1,SW,16,2.0,Kentucky,79.0,15.0,Saint Peter's,85.0,31.0,32.0
2022,1,NE,17,1.0,Arizona,87.0,16.0,Wright St.,70.0,33.0,34.0
2022,1,NE,18,8.0,Seton Hall,42.0,9.0,TCU,69.0,35.0,36.0
2022,1,NE,19,5.0,Houston,82.0,12.0,UAB,68.0,37.0,38.0
2022,1,NE,20,4.0,Illinois,54.0,13.0,Chattanooga,53.0,39.0,40.0
2022,1,NE,21,6.0,Colorado St.,63.0,11.0,Michigan,75.0,41.0,42.0
2022,1,NE,22,3.0,Tennessee,88.0,14.0,Longwood,56.0,43.0,44.0
2022,1,NE,23,7.0,Ohio St.,54.0,10.0,Loyola Chicago,41.0,45.0,46.0
2022,1,NE,24,2.0,Villanova,80.0,15.0,Delaware,60.0,47.0,48.0
2022,1,SE,25,1.0,Kansas,83.0,16.0,Texas Southern,56.0,49.0,50.0
2022,1,SE,26,8.0,San Diego St.,69.0,9.0,Creighton,72.0,51.0,52.0
2022,1,SE,27,5.0,Iowa,63.0,12.0,Richmond,67.0,53.0,54.0
2022,1,SE,28,4.0,Providence,66.0,13.0,South Dakota St.,57.0,55.0,56.0
2022,1,SE,29,6.0,LSU,54.0,11.0,Iowa St.,59.0,57.0,58.0
2022,1,SE,30,3.0,Wisconsin,67.0,14.0,Colgate,60.0,59.0,60.0
2022,1,SE,31,7.0,USC,66.0,10.0,Miami FL,68.0,61.0,62.0
2022,1,SE,32,2.0,Auburn,80.0,15.0,Jacksonville St.,61.0,63.0,64.0
2022,2,NW,33,1.0,Gonzaga,82.0,9.0,Memphis,78.0,1.0,4.0
2022,2,NW,34,4.0,Arkansas,53.0,12.0,New Mexico St.,48.0,7.0,6.0
2022,2,NW,35,3.0,Texas Tech,59.0,11.0,Notre Dame,53.0,11.0,10.0
2022,2,NW,36,2.0,Duke,85.0,7.0,Michigan St.,76.0,15.0,13.0
2022,2,SW,37,1.0,Baylor,86.0,8.0,North Carolina,93.0,17.0,19.0
2022,2,SW,38,4.0,UCLA,72.0,5.0,Saint Mary's,56.0,23.0,21.0
2022,2,SW,39,3.0,Purdue,81.0,6.0,Texas,71.0,27.0,25.0
2022,2,SW,40,7.0,Murray St.,60.0,15.0,Saint Peter's,70.0,29.0,32.0
2022,2,NE,41,1.0,Arizona,85.0,9.0,TCU,80.0,33.0,36.0
2022,2,NE,42,4.0,Illinois,53.0,5.0,Houston,68.0,39.0,37.0
2022,2,NE,43,3.0,Tennessee,68.0,11.0,Michigan,76.0,43.0,42.0
2022,2,NE,44,2.0,Villanova,71.0,7.0,Ohio St.,61.0,47.0,45.0
2022,2,SE,45,1.0,Kansas,79.0,9.0,Creighton,72.0,49.0,52.0
2022,2,SE,46,4.0,Providence,79.0,12.0,Richmond,51.0,55.0,54.0
2022,2,SE,47,3.0,Wisconsin,49.0,11.0,Iowa St.,54.0,59.0,58.0
2022,2,SE,48,2.0,Auburn,61.0,10.0,Miami FL,79.0,63.0,62.0
2022,3,NW,49,1.0,Gonzaga,68.0,4.0,Arkansas,74.0,1.0,7.0
2022,3,NW,50,2.0,Duke,78.0,3.0,Texas Tech,73.0,15.0,11.0
2022,3,SW,51,4.0,UCLA,66.0,8.0,North Carolina,73.0,23.0,19.0
2022,3,SW,52,3.0,Purdue,64.0,15.0,Saint Peter's,67.0,27.0,32.0
2022,3,NE,53,1.0,Arizona,60.0,5.0,Houston,72.0,33.0,37.0
2022,3,NE,54,2.0,Villanova,63.0,11.0,Michigan,55.0,47.0,42.0
2022,3,SE,55,1.0,Kansas,66.0,4.0,Providence,61.0,49.0,55.0
2022,3,SE,56,10.0,Miami FL,70.0,11.0,Iowa St.,56.0,63.0,58.0
2022,4,NW,57,2.0,Duke,78.0,4.0,Arkansas,69.0,15.0,7.0
2022,4,SW,58,5.0,North Carolina,69.0,15.0,Saint Peter's,49.0,19.0,32.0
2022,4,NE,59,2.0,Villanova,50.0,5.0,Houston,44.0,47.0,37.0
2022,4,SE,60,1.0,Kansas,76.0,10.0,Miami FL,50.0,49.0,63.0
2022,5,F4,61,2.0,Duke,77.0,8.0,North Carolina,81.0,15.0,19.0
2022,5,F4,62,1.0,Kansas,81.0,2.0,Villanova,65.0,49.0,47.0
2022,6,Champ,63,1.0,Kansas,72.0,8.0,North Carolina,69.0,49.0,19.0
2023,0,PI,-4,16.0,Texas A&M Corpus Chris,75.0,16.0,Southeast Missouri,71.0,2.0,65.0
2023,0,PI,-3,11.0,Mississippi St.,59.0,11.0,Pittsburgh,60.0,65.0,42.0
2023,0,PI,-2,16.0,Texas Southern,61.0,16.0,Fairleigh Dickinson,84.0,65.0,18.0
2023,0,PI,-1,11.0,Arizona St.,98.0,11.0,Nevada,73.0,58.0,65.0
2023,1,NW,1,1.0,Alabama,96.0,16.0,Texas A&M Corpus Chris,75.0,1.0,2.0
2023,1,NW,2,8.0,Maryland,67.0,9.0,West Virginia,65.0,3.0,4.0
2023,1,NW,3,5.0,San Diego St.,63.0,12.0,Charleston,57.0,5.0,6.0
2023,1,NW,4,4.0,Virginia,67.0,13.0,Furman,68.0,7.0,8.0
2023,1,NW,5,6.0,Creighton,72.0,11.0,North Carolina St.,63.0,9.0,10.0
2023,1,NW,6,3.0,Baylor,74.0,14.0,UC Santa Barbara,56.0,11.0,12.0
2023,1,NW,7,7.0,Missouri,76.0,10.0,Utah St.,65.0,13.0,14.0
2023,1,NW,8,2.0,Arizona,55.0,15.0,Princeton,59.0,15.0,16.0
2023,1,SW,9,1.0,Purdue,58.0,16.0,Fairleigh Dickinson,63.0,17.0,18.0
2023,1,SW,10,8.0,Memphis,65.0,9.0,Florida Atlantic,66.0,19.0,20.0
2023,1,SW,11,5.0,Duke,74.0,12.0,Oral Roberts,51.0,21.0,22.0
2023,1,SW,12,4.0,Tennessee,58.0,13.0,Louisiana,55.0,23.0,24.0
2023,1,SW,13,6.0,Kentucky,61.0,11.0,Providence,53.0,25.0,26.0
2023,1,SW,14,3.0,Kansas St.,77.0,14.0,Montana St.,65.0,27.0,28.0
2023,1,SW,15,7.0,Michigan St.,72.0,10.0,USC,62.0,29.0,30.0
2023,1,SW,16,2.0,Marquette,78.0,15.0,Vermont,61.0,31.0,32.0
2023,1,NE,17,1.0,Houston,63.0,16.0,Northern Kentucky,52.0,33.0,34.0
2023,1,NE,18,8.0,Iowa,75.0,9.0,Auburn,83.0,35.0,36.0
2023,1,NE,19,5.0,Miami FL,63.0,12.0,Drake,56.0,37.0,38.0
2023,1,NE,20,4.0,Indiana,71.0,13.0,Kent St.,60.0,39.0,40.0
2023,1,NE,21,6.0,Iowa St.,41.0,11.0,Pittsburgh,59.0,41.0,42.0
2023,1,NE,22,3.0,Xavier,72.0,14.0,Kennesaw St.,67.0,43.0,44.0
2023,1,NE,23,7.0,Texas A&M,59.0,10.0,Penn St.,76.0,45.0,46.0
2023,1,NE,24,2.0,Texas,81.0,15.0,Colgate,61.0,47.0,48.0
2023,1,SE,25,1.0,Kansas,96.0,16.0,Howard,68.0,49.0,50.0
2023,1,SE,26,8.0,Arkansas,73.0,9.0,Illinois,63.0,51.0,52.0
2023,1,SE,27,5.0,Saint Mary's,63.0,12.0,VCU,51.0,53.0,54.0
2023,1,SE,28,4.0,Connecticut,87.0,13.0,Iona,63.0,55.0,56.0
2023,1,SE,29,6.0,TCU,72.0,11.0,Arizona St.,70.0,57.0,58.0
2023,1,SE,30,3.0,Gonzaga,82.0,14.0,Grand Canyon,70.0,59.0,60.0
2023,1,SE,31,7.0,Northwestern,75.0,10.0,Boise St.,67.0,61.0,62.0
2023,1,SE,32,2.0,UCLA,86.0,15.0,UNC Asheville,53.0,63.0,64.0
2023,2,NW,33,1.0,Alabama,73.0,8.0,Maryland,51.0,1.0,3.0
2023,2,NW,34,5.0,San Diego St.,75.0,13.0,Furman,52.0,5.0,8.0
2023,2,NW,35,3.0,Baylor,76.0,6.0,Creighton,85.0,11.0,9.0
2023,2,NW,36,7.0,Missouri,63.0,15.0,Princeton,78.0,13.0,16.0
2023,2,SW,37,9.0,Florida Atlantic,78.0,16.0,Fairleigh Dickinson,70.0,20.0,18.0
2023,2,SW,38,4.0,Tennessee,65.0,5.0,Duke,52.0,23.0,21.0
2023,2,SW,39,3.0,Kansas St.,75.0,6.0,Kentucky,69.0,27.0,25.0
2023,2,SW,40,2.0,Marquette,60.0,7.0,Michigan St.,69.0,31.0,29.0
2023,2,NE,41,1.0,Houston,81.0,9.0,Auburn,64.0,33.0,36.0
2023,2,NE,42,4.0,Indiana,69.0,5.0,Miami FL,85.0,39.0,37.0
2023,2,NE,43,3.0,Xavier,84.0,11.0,Pittsburgh,73.0,43.0,42.0
2023,2,NE,44,2.0,Texas,71.0,10.0,Penn St.,66.0,47.0,46.0
2023,2,SE,45,1.0,Kansas,71.0,8.0,Arkansas,72.0,49.0,51.0
2023,2,SE,46,4.0,Connecticut,70.0,5.0,Saint Mary's,55.0,55.0,53.0
2023,2,SE,47,3.0,Gonzaga,84.0,6.0,TCU,81.0,59.0,57.0
2023,2,SE,48,2.0,UCLA,68.0,7.0,Northwestern,63.0,63.0,61.0
2023,3,NW,49,1.0,Alabama,64.0,5.0,San Diego St.,71.0,1.0,5.0
2023,3,NW,50,6.0,Creighton,86.0,15.0,Princeton,75.0,9.0,16.0
2023,3,SW,51,4.0,Tennessee,55.0,9.0,Florida Atlantic,62.0,23.0,20.0
2023,3,SW,52,3.0,Kansas St.,93.0,7.0,Michigan St.,93.0,27.0,29.0
2023,3,NE,53,1.0,Houston,75.0,5.0,Miami FL,89.0,33.0,37.0
2023,3,NE,54,2.0,Texas,83.0,3.0,Xavier,71.0,47.0,43.0
2023,3,SE,55,4.0,Connecticut,88.0,8.0,Arkansas,65.0,55.0,51.0
2023,3,SE,56,2.0,UCLA,76.0,3.0,Gonzaga,79.0,63.0,59.0
2023,4,NW,57,5.0,San Diego St.,57.0,6.0,Creighton,56.0,5.0,9.0
2023,4,SW,58,3.0,Kansas St.,76.0,9.0,Florida Atlantic,79.0,27.0,20.0
2023,4,NE,59,2.0,Texas,81.0,5.0,Miami FL,88.0,47.0,37.0
2023,4,SE,60,3.0,Gonzaga,54.0,4.0,Connecticut,82.0,59.0,55.0
2023,5,F4,61,5.0,San Diego St.,72.0,9.0,Florida Atlantic,71.0,5.0,20.0
2023,5,F4,62,4.0,Connecticut,72.0,5.0,Miami FL,59.0,55.0,37.0
2023,6,Champ,63,4.0,Connecticut,76.0,5.0,San Diego St.,59.0,55.0,5.0
2024,0,PI,-4,10.0,Boise St.,53.0,10.0,Colorado,60.0,0.0,0.0
2024,0,PI,-3,16.0,Montana St.,81.0,16.0,Grambling St.,88.0,0.0,0.0
2024,0,PI,-2,10.0,Virginia,42.0,10.0,Colorado St.,67.0,0.0,0.0
2024,0,PI,-1,16.0,Howard,68.0,16.0,Wagner,71.0,0.0,0.0
2024,1,NW,1,1.0,Connecticut,91.0,16.0,Stetson,52.0,1.0,2.0
2024,1,NW,2,8.0,Florida Atlantic,65.0,9.0,Northwestern,77.0,3.0,4.0
2024,1,NW,3,5.0,San Diego St.,69.0,12.0,UAB,65.0,5.0,6.0
2024,1,NW,4,4.0,Auburn,76.0,13.0,Yale,78.0,7.0,8.0
2024,1,NW,5,6.0,BYU,67.0,11.0,Duquesne,71.0,9.0,10.0
2024,1,NW,6,3.0,Illinois,85.0,14.0,Morehead St.,69.0,11.0,12.0
2024,1,NW,7,7.0,Washington St.,66.0,10.0,Drake,61.0,13.0,14.0
2024,1,NW,8,2.0,Iowa St.,82.0,15.0,South Dakota St.,65.0,15.0,16.0
2024,1,SW,9,1.0,North Carolina,90.0,16.0,Wagner,62.0,17.0,18.0
2024,1,SW,10,8.0,Mississippi St.,51.0,9.0,Michigan St.,69.0,19.0,20.0
2024,1,SW,11,5.0,Saint Mary's,66.0,12.0,Grand Canyon,75.0,21.0,22.0
2024,1,SW,12,4.0,Alabama,109.0,13.0,Charleston,96.0,23.0,24.0
2024,1,SW,13,6.0,Clemson,77.0,11.0,New Mexico,56.0,25.0,26.0
2024,1,SW,14,3.0,Baylor,92.0,14.0,Colgate,67.0,27.0,28.0
2024,1,SW,15,7.0,Dayton,63.0,10.0,Nevada,60.0,29.0,30.0
2024,1,SW,16,2.0,Arizona,85.0,15.0,Long Beach St.,65.0,31.0,32.0
2024,1,NE,17,1.0,Houston,86.0,16.0,Longwood,46.0,33.0,34.0
2024,1,NE,18,8.0,Nebraska,83.0,9.0,Texas A&M,98.0,35.0,36.0
2024,1,NE,19,5.0,Wisconsin,61.0,12.0,James Madison,72.0,37.0,38.0
2024,1,NE,20,4.0,Duke,64.0,13.0,Vermont,47.0,39.0,40.0
2024,1,NE,21,6.0,Texas Tech,67.0,11.0,North Carolina St.,80.0,41.0,42.0
2024,1,NE,22,3.0,Kentucky,76.0,14.0,Oakland,80.0,43.0,44.0
2024,1,NE,23,7.0,Florida,100.0,10.0,Colorado,102.0,45.0,46.0
2024,1,NE,24,2.0,Marquette,87.0,15.0,Western Kentucky,69.0,47.0,48.0
2024,1,SE,25,1.0,Purdue,78.0,16.0,Grambling St.,50.0,49.0,50.0
2024,1,SE,26,8.0,Utah St.,88.0,9.0,TCU,72.0,51.0,52.0
2024,1,SE,27,5.0,Gonzaga,86.0,12.0,McNeese St.,65.0,53.0,54.0
2024,1,SE,28,4.0,Kansas,93.0,13.0,Samford,89.0,55.0,56.0
2024,1,SE,29,6.0,South Carolina,73.0,11.0,Oregon,87.0,57.0,58.0
2024,1,SE,30,3.0,Creighton,77.0,14.0,Akron,60.0,59.0,60.0
2024,1,SE,31,7.0,Texas,56.0,10.0,Colorado St.,44.0,61.0,62.0
2024,1,SE,32,2.0,Tennessee,83.0,15.0,Saint Peter's,49.0,63.0,64.0
2024,2,NW,33,1.0,Connecticut,75.0,9.0,Northwestern,58.0,1.0,4.0
2024,2,NW,34,5.0,San Diego St.,85.0,13.0,Yale,57.0,5.0,8.0
2024,2,NW,35,3.0,Illinois,89.0,11.0,Duquesne,63.0,11.0,10.0
2024,2,NW,36,2.0,Iowa St.,67.0,7.0,Washington St.,56.0,15.0,13.0
2024,2,SW,37,1.0,North Carolina,85.0,9.0,Michigan St.,69.0,17.0,20.0
2024,2,SW,38,4.0,Alabama,75.0,12.0,Grand Canyon,61.0,23.0,22.0
2024,2,SW,39,3.0,Baylor,64.0,6.0,Clemson,72.0,27.0,25.0
2024,2,SW,40,2.0,Arizona,78.0,7.0,Dayton,68.0,31.0,30.0
2024,2,NE,41,1.0,Houston,100.0,9.0,Texas A&M,95.0,33.0,36.0
2024,2,NE,42,4.0,Duke,93.0,12.0,James Madison,55.0,39.0,38.0
2024,2,NE,43,11.0,North Carolina St.,79.0,14.0,Oakland,73.0,42.0,44.0
2024,2,NE,44,2.0,Marquette,81.0,10.0,Colorado,77.0,47.0,46.0
2024,2,SE,45,1.0,Purdue,106.0,8.0,Utah St.,67.0,49.0,51.0
2024,2,SE,46,4.0,Kansas,68.0,5.0,Gonzaga,89.0,55.0,53.0
2024,2,SE,47,3.0,Creighton,86.0,11.0,Oregon,73.0,59.0,58.0
2024,2,SE,48,2.0,Tennessee,62.0,7.0,Texas,58.0,63.0,61.0
2024,3,NW,49,1.0,Connecticut,75.0,5.0,San Diego St.,52.0,1.0,5.0
2024,3,NW,50,2.0,Iowa St.,69.0,3.0,Illinois,72.0,15.0,11.0
2024,3,SW,51,1.0,North Carolina,87.0,4.0,Alabama,89.0,17.0,23.0
2024,3,SW,52,2.0,Arizona,72.0,6.0,Clemson,77.0,31.0,25.0
2024,3,NE,53,1.0,Houston,51.0,4.0,Duke,54.0,33.0,39.0
2024,3,NE,54,2.0,Marquette,58.0,11.0,North Carolina St.,67.0,47.0,42.0
2024,3,SE,55,1.0,Purdue,80.0,5.0,Gonzaga,89.0,49.0,53.0
2024,3,SE,56,2.0,Tennessee,82.0,3.0,Creighton,75.0,63.0,59.0
2024,4,NW,57,1.0,Connecticut,77.0,3.0,Illinois,52.0,1.0,11.0
2024,4,SW,58,4.0,Alabama,89.0,6.0,Clemson,82.0,23.0,25.0
2024,4,NE,59,4.0,Duke,64.0,11.0,North Carolina St.,76.0,39.0,42.0
2024,4,SE,60,1.0,Purdue,72.0,2.0,Tennessee,66.0,49.0,63.0
2024,5,F4,61,1.0,Connecticut,86.0,4.0,Alabama,72.0,1.0,23.0
2024,5,F4,62,1.0,Purdue,63.0,11.0,North Carolina St.,50.0,49.0,42.0
2024,6,Champ,63,1.0,Connecticut,75.0,1.0,Purdue,60.0,1.0,49.0
2025,0,PI,-4,16.0,Southern,71.0,16.0,Bucknell,70.0,0.0,0.0
2025,0,PI,-3,12.0,Boise St.,71.0,12.0,Xavier,70.0,0.0,0.0
2025,0,PI,-2,11.0,San Diego St.,71.0,11.0,Indiana,70.0,0.0,0.0
2025,0,PI,-1,16.0,Quinnipiac,71.0,16.0,Southeast Missouri,70.0,0.0,0.0
2025,1,NW,1,1.0,Auburn,71.0,16.0,Southern,70.0,1.0,2.0
2025,1,NW,2,8.0,Kansas,71.0,9.0,New Mexico,70.0,3.0,4.0
2025,1,NW,3,5.0,Oregon,71.0,12.0,Boise St.,70.0,5.0,6.0
2025,1,NW,4,4.0,Arizona,71.0,13.0,Lipscomb,70.0,7.0,8.0
2025,1,NW,5,6.0,Louisville,71.0,11.0,San Diego St.,70.0,9.0,10.0
2025,1,NW,6,3.0,St. John's,71.0,14.0,Towson,70.0,11.0,12.0
2025,1,NW,7,7.0,Memphis,71.0,10.0,Georgia,70.0,13.0,14.0
2025,1,NW,8,2.0,Michigan St.,71.0,15.0,Robert Morris,70.0,15.0,16.0
2025,1,SW,9,1.0,Florida,71.0,16.0,Norfolk St.,70.0,17.0,18.0
2025,1,SW,10,8.0,Creighton,71.0,9.0,West Virginia,70.0,19.0,20.0
2025,1,SW,11,5.0,Michigan,71.0,12.0,McNeese St.,70.0,21.0,22.0
2025,1,SW,12,4.0,Kentucky,71.0,13.0,High Point,70.0,23.0,24.0
2025,1,SW,13,6.0,Saint Mary's,71.0,11.0,Arkansas,70.0,25.0,26.0
2025,1,SW,14,3.0,Wisconsin,71.0,14.0,Chattanooga,70.0,27.0,28.0
2025,1,SW,15,7.0,Mississippi,71.0,10.0,Utah St.,70.0,29.0,30.0
2025,1,SW,16,2.0,Texas Tech,71.0,15.0,Bryant,70.0,31.0,32.0
2025,1,NE,17,1.0,Duke,71.0,16.0,Quinnipiac,70.0,33.0,34.0
2025,1,NE,18,8.0,Connecticut,71.0,9.0,Vanderbilt,70.0,35.0,36.0
2025,1,NE,19,5.0,Missouri,71.0,12.0,Yale,70.0,37.0,38.0
2025,1,NE,20,4.0,Maryland,71.0,13.0,Liberty,70.0,39.0,40.0
2025,1,NE,21,6.0,UCLA,71.0,11.0,UC San Diego,70.0,41.0,42.0
2025,1,NE,22,3.0,Iowa St.,71.0,14.0,Northern Colorado,70.0,43.0,44.0
2025,1,NE,23,7.0,BYU,71.0,10.0,Ohio St.,70.0,45.0,46.0
2025,1,NE,24,2.0,Alabama,71.0,15.0,South Alabama,70.0,47.0,48.0
2025,1,SE,25,1.0,Houston,71.0,16.0,Nebraska Omaha,70.0,49.0,50.0
2025,1,SE,26,8.0,Mississippi St.,71.0,9.0,Gonzaga,70.0,51.0,52.0
2025,1,SE,27,5.0,Clemson,71.0,12.0,Drake,70.0,53.0,54.0
2025,1,SE,28,4.0,Purdue,71.0,13.0,Akron,70.0,55.0,56.0
2025,1,SE,29,6.0,Marquette,71.0,11.0,VCU,70.0,57.0,58.0
2025,1,SE,30,3.0,Texas A&M,71.0,14.0,Utah Valley,70.0,59.0,60.0
2025,1,SE,31,7.0,Illinois,71.0,10.0,Baylor,70.0,61.0,62.0
2025,1,SE,32,2.0,Tennessee,71.0,15.0,Central Connecticut,70.0,63.0,64.0
